0,1,2,3,4,5,6,7,8,9,10,11,12,13,14,15,16,17,18,19,20,21,22,23,24,25,26,27,28,29,30,31,32,33,34,35,36,37,38,39,40,41,42,43,44,45,46,47,48,49,50,51,52,53,54,55,56,57,58,59,60,61,62
0.0,0.0,0.0,-0.0751287341117858,-0.0690501928329467,-0.0299606865528119,-0.1291483044624328,-0.1784761548042297,-0.0416295418771994,-0.173270583152771,-0.263688325881958,-0.0518737623724234,-0.2167347073554992,-0.3181796073913574,-0.0620672593149436,-0.0439987182617187,-0.3043580055236816,-0.0115854956465852,-0.0660158991813659,-0.4195026755332947,-0.030336871955086,-0.07760751247406,-0.4902030825614929,-0.0490507634612811,-0.085262656211853,-0.5504113584756851,-0.0644698480400336,0.0101473927497863,-0.3069692254066467,-0.016481166917373,0.0071107745170593,-0.4334688782691955,-0.0330328123900187,0.0048691034317016,-0.5121890604496002,-0.052063714924742,0.0027036070823669,-0.5760312080383301,-0.0666883776220572,0.058882713317871,-0.2828431725502014,-0.0270174464467061,0.071554958820343,-0.3984426259994507,-0.0500000493857157,0.0760984420776367,-0.4741772264242172,-0.0691818783315909,0.0783891081809997,-0.5408714562654495,-0.08276674545138,0.1022658348083496,-0.238591194152832,-0.0403979050251734,0.1366269588470459,-0.3173519372940063,-0.0624909775587809,0.158485472202301,-0.3728271722793579,-0.0742088819178832,0.1771599054336547,-0.4270105063915252,-0.0825745502743018
0.0,0.0,0.0,-0.0716669559478759,-0.0683792233467102,-0.0283559565027076,-0.1270902156829834,-0.180204153060913,-0.0396182131548243,-0.1727581024169922,-0.2662084400653839,-0.0498393182237464,-0.2143373489379882,-0.3240974545478821,-0.0599211756666022,-0.0442412495613098,-0.305042564868927,-0.0098064331863838,-0.0687289834022522,-0.4202346503734588,-0.0292175621320325,-0.0824263095855712,-0.4884840995073318,-0.047857393004449,-0.0909879207611084,-0.5489069223403931,-0.0630289171417075,0.0094858407974243,-0.3109503090381622,-0.0150468698297459,0.0077073574066162,-0.4379629492759704,-0.0305180386234837,0.0052829980850219,-0.5166889876127243,-0.0474634286542254,0.0016586780548095,-0.5826290249824524,-0.060848582961114,0.0587396621704101,-0.2870732545852661,-0.0261656795223075,0.07450532913208,-0.4032470285892486,-0.0470611196537333,0.0792083740234375,-0.475828468799591,-0.0621905256588775,0.0801991820335388,-0.5431509613990784,-0.0732449893434363,0.1024723052978515,-0.2423554062843322,-0.0402433094163257,0.136504054069519,-0.3204417824745178,-0.0598701876182872,0.1572567224502563,-0.3746146857738495,-0.0684850145657378,0.1744337081909179,-0.4301631450653076,-0.0748343322952109
0.0,0.0,0.0,-0.070676565170288,-0.0712199807167053,-0.0269008592564432,-0.1251322031021118,-0.1836671829223632,-0.0375182811964123,-0.1710370182991027,-0.2683482766151428,-0.0475477498818008,-0.2136861085891723,-0.3241409659385681,-0.0576210354316799,-0.0417757034301757,-0.3083135783672333,-0.0069877916808991,-0.0662265419960022,-0.4220659136772156,-0.0255221628445951,-0.0799373984336853,-0.4896203279495239,-0.0438874845254986,-0.0885068178176879,-0.5493870973587036,-0.0591040846753685,0.0116558074951171,-0.3130849599838257,-0.0131787207770912,0.0098474025726318,-0.4394305348396301,-0.0281897761720983,0.0078961849212646,-0.5178597569465637,-0.0452126969445316,0.0050005316734313,-0.5834985375404358,-0.058835599278268,0.0610302686691284,-0.2881428599357605,-0.0253110282916395,0.0770400762557983,-0.4040969014167785,-0.0461804975617496,0.0820609927177429,-0.4771977961063385,-0.0617476214516727,0.0833984017372131,-0.5454450249671936,-0.0732022446442215,0.1052920818328857,-0.2422372698783874,-0.0402949263203709,0.1393840312957763,-0.3218636810779571,-0.0596885827231972,0.1601321101188659,-0.3768464028835296,-0.0683174651909439,0.1770658493041992,-0.4333214163780212,-0.0749332454848854
0.0,0.0,0.0,-0.0714269280433654,-0.0688527822494506,-0.029092863890213,-0.1272022724151611,-0.1786176562309265,-0.04148496011166,-0.172423779964447,-0.2650494277477264,-0.05268647218017,-0.2143283486366272,-0.3228247165679931,-0.0639634958830299,-0.0438386797904968,-0.3049067258834839,-0.0118482753065052,-0.0671907067298889,-0.4190115928649902,-0.0312017190632047,-0.0801728367805481,-0.4868317246437073,-0.0498845807638588,-0.0881403088569641,-0.5470966398715973,-0.0654103762832107,0.0101504325866699,-0.3100235760211944,-0.017398378568572,0.0093138813972473,-0.4369790554046631,-0.0334577604558887,0.0072900056838989,-0.5145120024681091,-0.0511382564332905,0.0043700337409973,-0.5804093778133392,-0.0654560483422699,0.0596513152122497,-0.2851917147636413,-0.0287319931563558,0.0755493640899658,-0.4016655087471008,-0.0505856915739002,0.0803494453430175,-0.4748682677745819,-0.0669150657382431,0.0819791555404663,-0.5436627268791199,-0.0791872672167244,0.1039463281631469,-0.2393284142017364,-0.0429589568999233,0.1381040215492248,-0.3187870979309082,-0.0634194470372619,0.1596651077270507,-0.3732243180274963,-0.0727340511408272,0.1776854991912841,-0.429181694984436,-0.0799841366138878
0.0,0.0,0.0,-0.0721747279167175,-0.0705274939537048,-0.0292834369686261,-0.12730473279953,-0.1808852553367614,-0.0416428754326716,-0.1734525561332702,-0.2667838931083679,-0.0528988251683131,-0.2152563333511352,-0.325784295797348,-0.0638185488280669,-0.043313443660736,-0.3073159456253052,-0.0094945514795199,-0.067350149154663,-0.4230482578277588,-0.029070013224782,-0.0808709859848022,-0.4907524734735489,-0.0479115890559569,-0.0894160270690918,-0.5504617393016815,-0.0631503882107153,0.0106977820396423,-0.3126288652420044,-0.0145102776807561,0.0093157291412353,-0.4401149451732635,-0.0300711421516552,0.0070080161094665,-0.5185232758522034,-0.046899580418767,0.0032644867897033,-0.5839460790157318,-0.0601554895040408,0.0600044727325439,-0.2884151935577392,-0.0256500086036339,0.0763937830924987,-0.4049354195594787,-0.0466306852397337,0.0813453793525695,-0.4778953790664673,-0.0614405917224303,0.0822920203208923,-0.5457574129104614,-0.0722536938485518,0.1038622856140136,-0.2432183623313903,-0.0398680316504851,0.1382989883422851,-0.3215765655040741,-0.0593316788074389,0.1588255763053894,-0.3760898411273956,-0.0676148878631011,0.175645112991333,-0.4321601986885071,-0.0737471627292052
0.0,0.0,0.0,-0.0725547075271606,-0.0707281827926635,-0.0287644221961898,-0.1285939216613769,-0.181074857711792,-0.040754064130823,-0.1747710704803466,-0.266381025314331,-0.0516168541789454,-0.2173728346824646,-0.32418093085289,-0.062380417394678,-0.0443496108055114,-0.3067072927951813,-0.0103077219382328,-0.0685151815414428,-0.4217433929443359,-0.0295820060700577,-0.081839919090271,-0.4896209090948105,-0.0482064924717349,-0.0903476476669311,-0.5496343374252319,-0.0635014056742591,0.0097932815551757,-0.3120839297771454,-0.0156047802001637,0.0085631012916564,-0.4393696784973144,-0.0311789542019766,0.0063450336456298,-0.5173847377300262,-0.0482964060783785,0.002989113330841,-0.5829474031925201,-0.0620378620505732,0.0591006278991699,-0.2874314785003662,-0.0268101777464551,0.0754092335700988,-0.4035710990428924,-0.0479206285953921,0.0803049802780151,-0.4765105843544006,-0.0633012011230391,0.0813955068588256,-0.5443431735038757,-0.0747920155108374,0.103018045425415,-0.2419561147689819,-0.0409560866237086,0.1369226574897766,-0.3199127614498138,-0.0606016695082587,0.1574809551239013,-0.3738017380237579,-0.0691226005137366,0.1744445562362671,-0.4293980300426483,-0.0756661548793715
0.0,0.0,0.0,-0.071065604686737,-0.0724694728851318,-0.0298864632088395,-0.1263633966445922,-0.1818452477455139,-0.0434287707496139,-0.1734306812286377,-0.2663566768169403,-0.0557543370116206,-0.2162283062934875,-0.3238646686077118,-0.067904144077346,-0.0411573648452758,-0.3066723942756653,-0.0123044629756066,-0.0650709867477417,-0.4216077923774719,-0.0334967258561107,-0.0785717964172363,-0.48916956782341,-0.0533732767391654,-0.0870513916015625,-0.5495190024375916,-0.0693144421267959,0.0124872922897338,-0.3108999133110046,-0.01743816725795,0.0111867785453796,-0.4378865361213684,-0.0346321496355983,0.0090843439102172,-0.516290009021759,-0.0525554190564605,0.0059683322906494,-0.5832083523273468,-0.0667235176253768,0.0616061687469482,-0.2854327261447906,-0.0285851205873939,0.078520655632019,-0.4015048742294311,-0.0507722268987151,0.0840464830398559,-0.4749336838722229,-0.0661599780607673,0.0857264995574951,-0.543466329574585,-0.0774090807128402,0.1052067875862121,-0.2392424643039703,-0.0428001391876193,0.1391221284866333,-0.317470371723175,-0.0629954408097717,0.159913957118988,-0.3721216320991516,-0.0714795361447784,0.177316665649414,-0.4285269379615783,-0.0778125520039054
0.0,0.0,0.0,-0.0717757940292358,-0.0710031986236572,-0.028226889051325,-0.1275670528411865,-0.1833557486534118,-0.040074973679907,-0.1735560894012451,-0.2694023549556732,-0.0508249060584375,-0.2158207297325134,-0.3268503248691559,-0.0614853346122572,-0.0430026650428772,-0.3080625236034393,-0.0109075646249721,-0.0657829642295837,-0.4237590730190277,-0.0304363121612141,-0.0787928700447082,-0.4920799881219864,-0.049165192372925,-0.0870782136917114,-0.5526644289493561,-0.0645614558233091,0.0109868049621582,-0.3127400577068329,-0.0165576202197144,0.0104773640632629,-0.4411192536354065,-0.032422188050873,0.0088088512420654,-0.5199580490589142,-0.049804925300009,0.0057811141014099,-0.5865486562252045,-0.0637089827431509,0.060573935508728,-0.2873775064945221,-0.0279599496496985,0.0772762298583984,-0.4047699570655823,-0.0492892035616705,0.0827147364616394,-0.4775480329990387,-0.064908243097193,0.0841500163078308,-0.5450429022312164,-0.0764719912184546,0.1047565340995788,-0.2412554621696472,-0.0422162183893988,0.1391333937644958,-0.3202004134654999,-0.0619898991061518,0.1601790189743042,-0.3749864399433136,-0.0707028800023863,0.1775456666946411,-0.4309708476066589,-0.0773324885739157
0.0,0.0,0.0,-0.0719764828681945,-0.0735020637512207,-0.0268670850419994,-0.1270881295204162,-0.1855906844139099,-0.0382208702141042,-0.172764241695404,-0.270612508058548,-0.0489137870246167,-0.2149052619934082,-0.3281164765357971,-0.0597101253443952,-0.0415440201759338,-0.3107514083385467,-0.0087762129479642,-0.0648597478866577,-0.4265370070934295,-0.0281382621252532,-0.0778822302818298,-0.4950188994407654,-0.0469848913127179,-0.0864728689193725,-0.5555413961410522,-0.0625162114375825,0.0132162570953369,-0.3152011930942535,-0.0153492939645047,0.0129957199096679,-0.4436026811599731,-0.0314968702369924,0.0113283991813659,-0.5231875777244568,-0.0495141138309236,0.008017361164093,-0.5901417136192322,-0.0638920132988687,0.0627066493034362,-0.2899413704872131,-0.027675303536057,0.0803973674774169,-0.4072648882865906,-0.0494917471879716,0.0856759548187255,-0.4811762869358063,-0.0660143111819024,0.0867453217506408,-0.5499987900257111,-0.0782356773489709,0.1063475608825683,-0.2435266375541687,-0.042709036635756,0.1417227387428283,-0.3224590420722961,-0.0631215934628244,0.1627924442291259,-0.3777626454830169,-0.0725001757019754,0.1797405481338501,-0.4345859289169311,-0.0796417807215448
0.0,0.0,0.0,-0.0715879201889038,-0.0708909630775451,-0.0261879623552943,-0.1272783279418945,-0.1857315301895141,-0.0367277864983464,-0.1723066568374633,-0.2722609043121338,-0.0465060998371029,-0.2149822115898132,-0.3292645812034607,-0.0566758480539704,-0.0430068373680114,-0.3112452924251556,-0.0100006940459991,-0.0660839080810546,-0.4283068180084228,-0.0283752982190037,-0.0785046219825744,-0.49770388007164,-0.0463344980647946,-0.0865134596824646,-0.5586824417114258,-0.0615144488087082,0.01206636428833,-0.3156805038452148,-0.0168547504266882,0.0114485025405883,-0.4458539187908172,-0.0322481472661877,0.0099712014198303,-0.5255386531352997,-0.050003901558199,0.0068147182464599,-0.5925265550613403,-0.0644734245410347,0.0622776746749877,-0.2899617552757263,-0.0291101527085686,0.079039454460144,-0.4085869789123535,-0.0503367189934635,0.0846379399299621,-0.4838603138923645,-0.0673472699394608,0.0862477421760559,-0.5539129972457886,-0.0803594928851509,0.1068332195281982,-0.2432581186294555,-0.043899812238493,0.1416922807693481,-0.3229604959487915,-0.0640215989818955,0.1633903384208679,-0.3782916069030761,-0.0736016523709679,0.1809920668601989,-0.4349830150604248,-0.0812467974295998
0.0,0.0,0.0,-0.0714254975318908,-0.0700529813766479,-0.0281977162237012,-0.127115249633789,-0.1845021843910217,-0.0393740192527616,-0.172862708568573,-0.2718775868415832,-0.0494055182213628,-0.2149856686592102,-0.3309428095817566,-0.0595307007903898,-0.0428852438926696,-0.3115277290344238,-0.0100503352011287,-0.0658495426177978,-0.4281746745109558,-0.028615049319967,-0.0785332322120666,-0.497240275144577,-0.0468916811520898,-0.0863796472549438,-0.5581489205360413,-0.0621738650376642,0.0120553374290466,-0.3163267970085144,-0.0156429850036943,0.0103904008865356,-0.4464097321033478,-0.0305095252121532,0.0086110830307006,-0.5256293714046478,-0.0477626614744508,0.0056591033935546,-0.5921932458877563,-0.0619077340240323,0.0624037384986877,-0.2907714545726776,-0.0269608621026122,0.0785151124000549,-0.4089258909225464,-0.0473824546212995,0.0840333700180053,-0.4837434887886047,-0.0633795738692128,0.0857332348823547,-0.5533318221569061,-0.0757529318804586,0.1073700785636901,-0.2439815700054168,-0.0411328629131162,0.1411975026130676,-0.3242272734642029,-0.0601647601003492,0.1625705957412719,-0.3787766993045807,-0.0687898427719915,0.1800882220268249,-0.4345266222953796,-0.0758094743366086
0.0,0.0,0.0,-0.0715768337249755,-0.0717319250106811,-0.0290308808920087,-0.1271671056747436,-0.185076892375946,-0.0413704393443765,-0.1732940077781677,-0.2728355228900909,-0.0526288365957441,-0.2165619730949401,-0.3305750489234924,-0.0638400679466428,-0.0428860783576965,-0.3116812407970428,-0.0106874173519315,-0.0663431882858276,-0.428764283657074,-0.0302722500649395,-0.079287052154541,-0.4979752153158188,-0.0492783738312425,-0.0872018337249755,-0.559664398431778,-0.0649668937561216,0.0117823481559753,-0.3165624737739563,-0.0164702208724918,0.0104669332504272,-0.4452922344207763,-0.0323118222889604,0.008675992488861,-0.5249836444854736,-0.0498908190068903,0.0057786703109741,-0.5925418436527252,-0.0641383966443243,0.0615302920341491,-0.2914038300514221,-0.0281828353193702,0.0782955288887023,-0.4084494411945343,-0.049358549529046,0.0838053822517395,-0.4826516509056091,-0.06500943657133,0.0854384899139404,-0.5520929098129272,-0.0768926730391683,0.1056078672409057,-0.2455405592918396,-0.0429433500406446,0.1394347548484802,-0.3246126174926758,-0.0624406216678323,0.1602439284324646,-0.38004070520401,-0.0710524683830442,0.1774659156799316,-0.4370267987251282,-0.0778912222025098
0.0,0.0,0.0,-0.0728393197059631,-0.0726630687713623,-0.0298049235080668,-0.1291303038597107,-0.1866288781166076,-0.0423467652236411,-0.1754174828529358,-0.2741718888282776,-0.0535768390928694,-0.2186759710311889,-0.3311889469623565,-0.0649107144509741,-0.044420301914215,-0.3109990358352661,-0.0124913602431604,-0.0672332644462585,-0.427121639251709,-0.0329513036941477,-0.080518364906311,-0.4965344965457916,-0.0525763267015406,-0.0896444916725158,-0.558706521987915,-0.0688134999309966,0.0096924901008605,-0.3158222138881683,-0.01795727846374,0.0097776651382446,-0.4436095356941223,-0.035238777223725,0.007939875125885,-0.522609144449234,-0.0539633789395281,0.004890501499176,-0.5908111333847046,-0.0690237776671836,0.0588671565055847,-0.2904230654239654,-0.0292714172338435,0.07526296377182,-0.4071825444698334,-0.0520866037641951,0.0803250074386596,-0.4817595481872558,-0.0692355902229735,0.0817503929138183,-0.5522347986698151,-0.0820199446116873,0.1026230454444885,-0.2442678213119506,-0.0435290382539221,0.1358601450920105,-0.3246957063674927,-0.0648467586671301,0.156524658203125,-0.3808408975601196,-0.0747985215221831,0.1739008426666259,-0.4386980533599853,-0.082472261909146
0.0,0.0,0.0,-0.0724225640296936,-0.07346773147583,-0.0307623515676596,-0.1269689202308654,-0.1855455040931701,-0.044822934533272,-0.1724849343299865,-0.2725776433944702,-0.0573128829549887,-0.2143418788909912,-0.332222431898117,-0.069924011344824,-0.0420984029769897,-0.3115264773368835,-0.0165310888390877,-0.0647248029708862,-0.4297621250152588,-0.0389916221450903,-0.0771510601043701,-0.5011219829320908,-0.0595798413108923,-0.0841520428657531,-0.5650326311588287,-0.0762999499987699,0.0123732686042785,-0.3145526051521301,-0.0219968627046682,0.0137428045272827,-0.442764937877655,-0.0407940964054205,0.0128887295722961,-0.5230807960033417,-0.0600576395939924,0.0110198259353637,-0.5922856330871582,-0.0754620502542593,0.0617257952690124,-0.2876423001289367,-0.0332660260449984,0.0808201432228088,-0.4053082764148712,-0.0574078666817285,0.0882623791694641,-0.4808238744735718,-0.0744779999207594,0.0918402075767517,-0.5516286492347717,-0.087093725318823,0.1050294637680053,-0.24038827419281,-0.0474566775213816,0.1389861702919006,-0.3211356997489929,-0.0700320820163824,0.1601366400718689,-0.3777225613594055,-0.0800319532703497,0.178019106388092,-0.4358212947845459,-0.0875320578765013
0.0,0.0,0.0,-0.0723972916603088,-0.0731021761894226,-0.0324881091569011,-0.1267939805984497,-0.1838003993034362,-0.0480910517130439,-0.1713266372680664,-0.2724601328372955,-0.0618267670128886,-0.212053120136261,-0.3347417116165161,-0.0755127049837653,-0.0425826907157897,-0.3103028237819671,-0.0193941365782563,-0.0645354390144348,-0.4295350313186645,-0.0430106386397426,-0.0763663053512573,-0.5022412538528442,-0.064340820148999,-0.0821753144264221,-0.5677922368049622,-0.0815339140449111,0.0121302604675292,-0.3138738870620727,-0.0244283337001149,0.014541745185852,-0.4432603120803833,-0.0442932896171157,0.0157150626182556,-0.5243131816387177,-0.0637034453306739,0.0163167119026184,-0.5945619344711304,-0.079172825053746,0.0612195134162902,-0.2873328030109405,-0.0353621557210033,0.0816248059272766,-0.4051893353462219,-0.0600106842670982,0.0912559628486633,-0.4813075065612793,-0.0769147552404945,0.0971431732177734,-0.5531151592731476,-0.089442146555001,0.1045072674751281,-0.2403713464736938,-0.049440828696305,0.1398428678512573,-0.3224439322948456,-0.072193873659188,0.1614237427711486,-0.3801906406879425,-0.0822143159661834,0.1792194247245788,-0.4397729933261871,-0.0897896639857833
0.0,0.0,0.0,-0.0719446539878845,-0.0744573473930358,-0.0356087265280109,-0.125294804573059,-0.1828711032867431,-0.054346221473537,-0.1675480604171753,-0.2732034027576446,-0.0707386983302456,-0.2064355015754699,-0.339944452047348,-0.0871800509956699,-0.0440054535865783,-0.306949108839035,-0.0278627471742254,-0.0651376843452453,-0.4290037155151367,-0.0555788343516212,-0.0759769678115844,-0.5048700273036957,-0.0789635060098987,-0.0801515579223632,-0.574057012796402,-0.0972157893446308,0.0111949443817138,-0.3104292750358581,-0.0325232511130195,0.0162153840065002,-0.4426003098487854,-0.0572768216696601,0.0199422240257263,-0.5278342664241791,-0.0792804760602337,0.0233632922172546,-0.60310098528862,-0.0961454389360767,0.0600736141204834,-0.2832993865013122,-0.0428868671623092,0.0832149982452392,-0.4022376537322998,-0.071679706659637,0.0960918068885803,-0.4828001260757446,-0.0904918638733249,0.1051599383354187,-0.5579760074615479,-0.1036915508774143,0.1032542586326599,-0.2363795042037964,-0.0563590032723766,0.1400575041770935,-0.3209578990936279,-0.0817005140450817,0.1622837781906128,-0.3818613290786743,-0.0926325274375301,0.1805015206336975,-0.4437248110771179,-0.1005837050941806
0.0,0.0,0.0,-0.0704238414764404,-0.0763529539108276,-0.0355370640994863,-0.1223021149635315,-0.1861259341239929,-0.0541260913254575,-0.1618098616600036,-0.2765618562698364,-0.0702595897259072,-0.1988598108291626,-0.3449758887290954,-0.0867812521995858,-0.0434789061546325,-0.3017468452453613,-0.0312996655942754,-0.0640923976898193,-0.4243687689304352,-0.0600574501098947,-0.0741813778877258,-0.5005436986684799,-0.0835656933726625,-0.0774434804916381,-0.5715231597423553,-0.1017410196604089,0.0119693875312805,-0.3052047789096832,-0.0359943211318807,0.0169379115104675,-0.4386009275913238,-0.0623970963301019,0.0214634537696838,-0.5259969532489777,-0.0853194110335664,0.0267282128334045,-0.6053245365619659,-0.1026721932234124,0.0605210065841674,-0.2777449786663055,-0.0459021926166371,0.0845383405685424,-0.3984400033950805,-0.0755880736054734,0.0993466973304748,-0.481839656829834,-0.0946418009938554,0.1107150912284851,-0.560145914554596,-0.1078346185626344,0.1027639508247375,-0.2310742139816284,-0.0587230660261468,0.1348808407783508,-0.3178723454475403,-0.0841518528999643,0.1538199186325073,-0.3808982372283935,-0.0944865755976991,0.1697649955749511,-0.4450068175792694,-0.1020407192649202
0.0,0.0,0.0,-0.0715720057487487,-0.078730285167694,-0.0347603029777587,-0.1228740215301513,-0.1890112161636352,-0.0507845088114322,-0.1599792838096618,-0.2803775370121002,-0.0646610363592685,-0.1938974261283874,-0.3532367944717407,-0.0780405431260646,-0.0481857061386108,-0.2976848781108856,-0.0208608499934257,-0.0678728222846984,-0.4165223836898803,-0.0472508809735359,-0.075872778892517,-0.4888861179351806,-0.0694758325089992,-0.077436089515686,-0.5558950304985046,-0.0868013455738605,0.0075271725654602,-0.2997939586639404,-0.0243972121944011,0.011229395866394,-0.4243699908256531,-0.0479792497326911,0.015899121761322,-0.5054711103439331,-0.069563414083916,0.0213642716407775,-0.5796648263931274,-0.0862021177281917,0.0555216670036315,-0.2729732990264892,-0.034047505932051,0.0763204097747802,-0.3858837485313415,-0.0614492475261272,0.0899227857589721,-0.4640415906906128,-0.0793703302015842,0.0991194248199462,-0.5376459658145905,-0.091947401987511,0.097927987575531,-0.2271175384521484,-0.0467935568859161,0.121972918510437,-0.3060885667800903,-0.0707431837191165,0.13357675075531,-0.3653089702129364,-0.080801683591801,0.1406313180923462,-0.4257842302322387,-0.0882101833095134
0.0,0.0,0.0,-0.0707356929779052,-0.0792271494865417,-0.0341643808415881,-0.1191599369049072,-0.1889996528625488,-0.0492081610492221,-0.1544526815414428,-0.2822219431400299,-0.0621271213522902,-0.1884710788726806,-0.3549185991287231,-0.0741517288616648,-0.0470725893974304,-0.2937697172164917,-0.0160960225394717,-0.0669148564338684,-0.4057219624519348,-0.0413784017792693,-0.0742243528366088,-0.4730847179889679,-0.0636671153834811,-0.0744215846061706,-0.5374399125576019,-0.0811390025547496,0.0081033706665039,-0.2967859208583832,-0.0185163604101887,0.009998083114624,-0.4139908850193023,-0.0400018958381167,0.014083981513977,-0.489560604095459,-0.060430978052949,0.0190061330795288,-0.5599776208400726,-0.07663438897643,0.0559683442115783,-0.2717407643795013,-0.0273302799097052,0.0749180912971496,-0.3761698305606842,-0.0527317753067961,0.0855016708374023,-0.4502816200256347,-0.0690697027376643,0.0911399126052856,-0.5199433863162994,-0.0806972278288356,0.0984816551208496,-0.2277092933654785,-0.0394062479964247,0.1210753917694091,-0.3029321432113647,-0.0618437869480601,0.1291161775588989,-0.3597092032432556,-0.0712141437462321,0.1307165622711181,-0.4170255064964294,-0.0781424162915698
0.0,0.0,0.0,-0.07010418176651,-0.080097496509552,-0.0321306607722249,-0.1181104779243469,-0.1911917328834533,-0.0448370969890561,-0.1529206037521362,-0.2828942835330963,-0.0555991104840245,-0.1858261227607727,-0.3539895415306091,-0.0650642535685506,-0.0475345253944397,-0.292790412902832,-0.0092303504272308,-0.0655961632728576,-0.4003372192382812,-0.0312902427314725,-0.0715536475181579,-0.4641686081886291,-0.0518053642510381,-0.0710692405700683,-0.5247767269611359,-0.0682592487930264,0.0073688030242919,-0.2952542006969452,-0.011324426442286,0.0104425549507141,-0.4058585166931152,-0.0290420859157052,0.0148000121116638,-0.4765510857105255,-0.047464078575274,0.0189720392227172,-0.5425431430339813,-0.0624373911916222,0.0553920269012451,-0.2707521915435791,-0.0200347400306668,0.074065625667572,-0.3703076243400574,-0.0424082151650395,0.0837606787681579,-0.4406853020191192,-0.057699861287972,0.0877759456634521,-0.5076260566711426,-0.0688530302642789,0.0981725454330444,-0.2268589735031128,-0.0319840333460774,0.1196715831756591,-0.2986739575862884,-0.0526746644674744,0.1254907250404358,-0.3526861667633056,-0.0616678542493787,0.1240491271018982,-0.4075741767883301,-0.0683656058310475
0.0,0.0,0.0,-0.0694720149040222,-0.0797159671783447,-0.028319643062872,-0.1176598072052002,-0.1937783360481262,-0.0363710198526803,-0.1516584157943725,-0.2874540090560913,-0.0436337303345624,-0.1851471662521362,-0.3587211072444916,-0.0484627608185235,-0.0478134751319885,-0.2942769527435303,0.0102402677784141,-0.0659774541854858,-0.3930822014808655,-0.0032209958390865,-0.0698288679122924,-0.4463857114315033,-0.0199023570840779,-0.0670070052146911,-0.4966539740562439,-0.0343419771616879,0.0071212649345397,-0.2952609956264496,0.009040363880473,0.0081726312637329,-0.3928948044776916,-0.0003143110462531,0.0115925669670104,-0.4521902203559875,-0.0162815388267461,0.014323353767395,-0.5038066506385803,-0.0304647192334357,0.054664134979248,-0.2729635834693908,0.0005808977201979,0.0736764073371887,-0.3604835867881775,-0.0145768068706217,0.0787975788116455,-0.416846215724945,-0.0274574637388411,0.0757774114608764,-0.4671536684036255,-0.0375333104258004,0.0988862514495849,-0.2329467535018921,-0.0113420227517906,0.1215806603431701,-0.3007419109344482,-0.0259164284890118,0.121316373348236,-0.3429975807666778,-0.0327457610493127,0.1102867722511291,-0.3831431865692138,-0.0382787782674256
0.0,0.0,0.0,-0.0708776712417602,-0.0796079635620117,-0.0303855068782752,-0.1179268956184387,-0.1941311359405517,-0.0384694818208402,-0.1516116261482238,-0.2891048491001129,-0.0451656799564545,-0.185358464717865,-0.3587331771850586,-0.0489723417709058,-0.0491984486579895,-0.2947319149971008,0.0116250397836381,-0.0662927031517028,-0.3873365521430969,-0.0002963724114408,-0.0689870119094848,-0.4328273832798004,-0.016273464615125,-0.0657123923301696,-0.472459614276886,-0.0299194562981313,0.006134033203125,-0.2953439354896545,0.0128294680466467,0.0083773136138916,-0.3862783908843994,0.0037362081197613,0.0109286904335021,-0.4389979541301727,-0.0130278995061701,0.0115377902984619,-0.4760375618934631,-0.0269185785005277,0.0540428161621093,-0.2729012072086334,0.0066691328970307,0.0723279118537902,-0.3529393076896667,-0.0093293325776642,0.0761095881462097,-0.4056821465492248,-0.0246963273534959,0.0704429149627685,-0.4407854080200195,-0.0351455580244248,0.0978589653968811,-0.2352210879325866,-0.0028268877217954,0.119133710861206,-0.3000383973121643,-0.0196306813309377,0.118573784828186,-0.3381930291652679,-0.0290072109351342,0.1070416569709777,-0.3648917973041534,-0.0347930375287717
0.0,0.0,0.0,-0.0695683360099792,-0.0834653973579406,-0.0321366800111206,-0.1148264408111572,-0.1894897818565368,-0.0420445142429741,-0.1461750268936157,-0.291317343711853,-0.0520007288199337,-0.1707403659820556,-0.3655199408531189,-0.057286438916293,-0.0523173213005065,-0.2916638255119324,0.0085197199020115,-0.0665619969367981,-0.3910325765609741,-0.0140412174281152,-0.0665653944015502,-0.4312087893486023,-0.0398685610037716,-0.0624617934226989,-0.4413115084171295,-0.0569128444534214,0.0025518536567687,-0.2946564555168152,0.0099971700343814,0.0100654363632202,-0.3973187208175659,-0.008282678585914,0.0092320442199707,-0.4482433199882507,-0.0355441397171887,0.0044052600860595,-0.4444344639778137,-0.0538737041991623,0.0520054697990417,-0.2717187106609344,0.0043601590092805,0.072134256362915,-0.3623818457126617,-0.0173840163391503,0.0711331367492675,-0.4088048934936523,-0.0375704741221341,0.0583224296569824,-0.3860645294189453,-0.0465687601011666,0.0983079671859741,-0.2364323735237121,-0.0050147622008296,0.1229512691497802,-0.3124032318592071,-0.0282955145579251,0.1133335828781127,-0.3506076335906982,-0.0427725998800667,0.0903453826904296,-0.3322865068912506,-0.0471727935713204
0.0,0.0,0.0,-0.0695571303367614,-0.084750235080719,-0.0314550443064263,-0.1136839389801025,-0.1907452344894409,-0.0430030344497254,-0.1439194679260254,-0.2918206751346588,-0.055635646588712,-0.1653436422348022,-0.3706099390983581,-0.063010104603677,-0.054805040359497,-0.2921983599662781,0.0071699082408258,-0.0675768256187439,-0.3996214866638183,-0.0242604079168131,-0.0697324872016906,-0.4339466094970703,-0.0554030282866051,-0.0695690512657165,-0.4160833358764648,-0.0725957608293583,-0.0007145404815673,-0.2942090332508087,0.0077220139581868,0.0092566609382629,-0.4016268849372864,-0.019768318764477,0.0071507096290588,-0.4401643872261047,-0.0518840371142914,0.0004172921180725,-0.4090349674224853,-0.0700406214665463,0.0478312969207763,-0.2715790867805481,0.0010468701156014,0.066988468170166,-0.3661507070064544,-0.022889923907428,0.0635938048362732,-0.4058849811553955,-0.0409480860899975,0.0494812130928039,-0.3719127774238586,-0.0469585029851487,0.0946651697158813,-0.2359046936035156,-0.0096982509340932,0.1192035675048828,-0.3089535236358642,-0.0324334694515755,0.1080018281936645,-0.3453095555305481,-0.0452072589170029,0.0841129422187805,-0.324448823928833,-0.0471357448469689
0.0,0.0,0.0,-0.0678455829620361,-0.0842748880386352,-0.0271854720360451,-0.1110213994979858,-0.1887635588645935,-0.0381664618200474,-0.1372702121734619,-0.2895429134368896,-0.0511933847612553,-0.1550179719924926,-0.3715249001979828,-0.0594986214584523,-0.0524471998214721,-0.2848404049873352,0.0105584698447174,-0.0652411580085754,-0.3854154944419861,-0.0221518486088925,-0.0667169690132141,-0.4156668186187744,-0.0515534154421502,-0.0647886991500854,-0.3942688703536987,-0.0658160469776802,-0.0019600987434387,-0.2885664999485016,0.0090200786196774,0.008602499961853,-0.4009885191917419,-0.0204156193232947,0.0068612098693847,-0.4177993535995483,-0.0454151577598267,-0.0001781582832336,-0.3677415251731872,-0.0548036343700104,0.0452991127967834,-0.2688894867897033,0.0001438892048,0.0670214891433715,-0.367152988910675,-0.0254002533203774,0.0576071739196777,-0.387963593006134,-0.0367065466291123,0.0394386649131774,-0.3469676673412323,-0.0358408785707169,0.0911579132080078,-0.2338784337043762,-0.0124484173304253,0.1175698041915893,-0.3088386952877044,-0.0332118704265766,0.1022855639457702,-0.3326736688613891,-0.040009880746048,0.0747116804122924,-0.3051431179046631,-0.0368425010985546
0.0,0.0,0.0,-0.0695140361785888,-0.0846511721611023,-0.0228783634239064,-0.1101913452148437,-0.1901833415031433,-0.0322555263274537,-0.1334077715873718,-0.2907571792602539,-0.0457042527132856,-0.1367474794387817,-0.3737854361534118,-0.0558889616959916,-0.0525538921356201,-0.2760209739208221,0.0150102631441129,-0.0594857335090637,-0.3743731379508972,-0.0191163324498759,-0.0636824369430542,-0.3987957239151001,-0.0510221940213071,-0.0659370422363281,-0.3691889941692352,-0.067284304344021,-0.0044150948524475,-0.2794363796710968,0.009272286041714,0.0129656791687011,-0.3999233245849609,-0.0245824043386804,0.005029559135437,-0.4021328687667846,-0.0576904562049733,-0.0060220956802368,-0.3461763560771942,-0.0734437291258203,0.0425274968147277,-0.2620799243450165,-0.0030533170075344,0.0674171447753906,-0.368983507156372,-0.0297788229518758,0.0507881045341491,-0.3727865219116211,-0.0495935898953305,0.0321219563484191,-0.3203850090503692,-0.0560183671050893,0.0882028341293335,-0.2283393740653991,-0.0185088456356155,0.1123909950256347,-0.3138267397880554,-0.0357796956532823,0.0956032276153564,-0.3307927846908569,-0.044806480103098,0.0725727081298828,-0.2974706292152405,-0.0462770011955129
0.0,0.0,0.0,-0.0660415291786193,-0.076085090637207,-0.0271907235512713,-0.1050093173980712,-0.1835376620292663,-0.0413403130153398,-0.126218557357788,-0.282712310552597,-0.0597764357010106,-0.12000572681427,-0.3646281361579895,-0.0747198677638749,-0.0556046962738037,-0.2736743092536926,0.0120239312743564,-0.0625478625297546,-0.3679518401622772,-0.0284156325290183,-0.0628492832183837,-0.3813860416412353,-0.0601192369142751,-0.0566186308860778,-0.3466822803020477,-0.0744621894339303,-0.0069162845611572,-0.2762800753116607,0.0074143846502323,0.0117719173431396,-0.3981750011444092,-0.0353454976359586,0.0020440220832824,-0.3737430274486542,-0.0615387811342458,-0.0049211382865905,-0.3122916519641876,-0.0678013554791192,0.0405397415161132,-0.2590978145599365,-0.0051991451548616,0.0649455189704895,-0.3677945733070373,-0.042589089928029,0.0442685484886169,-0.3391348421573639,-0.0523403353074769,0.0295009016990661,-0.2796933948993683,-0.0467732950130681,0.0867653489112854,-0.2243430018424987,-0.0210195771435479,0.1057063341140747,-0.3117356896400451,-0.0433162144402246,0.0867048501968383,-0.3087620437145233,-0.0457753679732064,0.0679572820663452,-0.270315021276474,-0.039942673502324
0.0,0.0,0.0,-0.0632425546646118,-0.0807811021804809,-0.026069930177158,-0.1022912263870239,-0.1889215111732483,-0.0389387648366152,-0.117297887802124,-0.2907952964305877,-0.0565795417688548,-0.0877705812454223,-0.3656653165817261,-0.0698151890001952,-0.0606613755226135,-0.2624756693840027,0.0171431038715184,-0.0599048137664794,-0.3637259602546692,-0.0231391344032942,-0.0585846304893493,-0.335070252418518,-0.0540191124938189,-0.0514461994171142,-0.2856427431106567,-0.0687410760484397,-0.0136168599128723,-0.2658126950263977,0.0129314806498825,0.0020840167999267,-0.3863686919212341,-0.0287523496709525,-0.009159505367279,-0.3266050219535827,-0.0509901236556231,-0.0135577917098999,-0.2599216103553772,-0.054908704366511,0.0340777039527893,-0.2524491250514984,0.0002734660764929,0.0570021867752075,-0.3693137764930725,-0.0364755358360469,0.0343334674835205,-0.3164761662483215,-0.040937357004708,0.0203772783279418,-0.2499741017818451,-0.0321389253996073,0.0812340974807739,-0.2243496775627136,-0.015728664007014,0.0941860079765319,-0.3141958117485046,-0.0352209586463629,0.0694726109504699,-0.291380912065506,-0.0334902744553744,0.0504927635192871,-0.2439337372779846,-0.0258945789001643
0.0,0.0,0.0,-0.0661883354187011,-0.0806278586387634,-0.0213118582480547,-0.1023230552673339,-0.1887280344963073,-0.0313624493294355,-0.1102732419967651,-0.2874272167682647,-0.046981839042246,-0.0819594264030456,-0.358858048915863,-0.0579552404099104,-0.0638076663017273,-0.2566929459571838,0.0214854259527328,-0.0608527064323425,-0.3577476143836975,-0.0170358974003193,-0.0618005394935607,-0.3102122247219085,-0.0450020856671926,-0.0581628084182739,-0.2541622221469879,-0.0571984365099069,-0.0172925591468811,-0.2587421238422394,0.0154596589989068,-0.0037155151367187,-0.3764712214469909,-0.0245155389868614,-0.0164488554000854,-0.3035493493080139,-0.0433783322089311,-0.0194699764251709,-0.2385442554950714,-0.0446205302589532,0.0295530557632446,-0.2468299567699432,0.0012402249983551,0.0477073192596435,-0.3630648553371429,-0.0341906971746084,0.0251747965812683,-0.2988328039646148,-0.0339557691925165,0.0140402913093566,-0.2321695685386657,-0.0217676754557487,0.0755460858345031,-0.2217458486557006,-0.0159439421706792,0.0829030871391296,-0.3119333684444427,-0.0327252722793218,0.0582058429718017,-0.2812980711460113,-0.0266387924068567,0.0424551367759704,-0.2336769104003906,-0.016030998479664
0.0,0.0,0.0,-0.0653226971626281,-0.0827390551567077,-0.0166648303729459,-0.0949122905731201,-0.1878321170806884,-0.0249416952592298,-0.090117871761322,-0.2806733846664428,-0.0395821680885717,-0.0613413453102111,-0.3481099605560303,-0.0505651732546255,-0.0679549574851989,-0.2621834576129913,0.0247466737764909,-0.070840299129486,-0.3511286079883575,-0.0119300208625361,-0.0668220520019531,-0.3214022815227508,-0.038237152026312,-0.0583729147911071,-0.275394856929779,-0.0489327696722909,-0.0219243168830871,-0.2632632851600647,0.0168809188890293,-0.0129384398460388,-0.3642967939376831,-0.0214279064548179,-0.0230807662010192,-0.2915839850902557,-0.0369159889978334,-0.0247353315353393,-0.2306796908378601,-0.0352210117143556,0.0245218276977539,-0.2493724822998047,0.0011671547672733,0.0378745794296264,-0.3508742451667785,-0.035203555004017,0.0166439414024353,-0.2783858776092529,-0.0309433819365665,0.0075925588607788,-0.2127461433410644,-0.0149451739725634,0.0692907571792602,-0.2224530577659607,-0.0170704604697391,0.0750471949577331,-0.3055246472358703,-0.0344839555782243,0.0504286289215087,-0.2689184248447418,-0.0246385423106119,0.0360807180404663,-0.2227523922920227,-0.0100745403778716
0.0,0.0,0.0,-0.0644153356552124,-0.0826274156570434,-0.0126466518584038,-0.0902962684631347,-0.1863178610801696,-0.0201803958359505,-0.0779945850372314,-0.2750229239463806,-0.0348002156558777,-0.046638548374176,-0.3347994983196258,-0.0453775143566872,-0.0627076625823974,-0.2538324296474457,0.0230808676835749,-0.0644228458404541,-0.3442606329917907,-0.0144083090442563,-0.0648183226585388,-0.2851215004920959,-0.0389314582887436,-0.0610878467559814,-0.2320810556411743,-0.0478750495556141,-0.0191999673843383,-0.2534476220607757,0.0133030637782667,-0.0112881064414978,-0.3547283411026001,-0.0225560097339894,-0.0231190919876098,-0.2751265168190002,-0.0345345130506302,-0.0252809524536132,-0.2207052111625671,-0.0313503919485356,0.025662362575531,-0.2401177585124969,-0.0039728503058995,0.0368760228157043,-0.343862920999527,-0.0376697359922673,0.0151870250701904,-0.2664450705051422,-0.0299494108501221,0.0074073672294616,-0.2044641971588134,-0.0125980275067831,0.0692209005355835,-0.2152245044708252,-0.0235629538390185,0.0729289650917053,-0.299345463514328,-0.038601248556688,0.0493964552879333,-0.258542001247406,-0.0265818713548924,0.0371199250221252,-0.212568998336792,-0.0110015757697965
0.0,0.0,0.0,-0.0650297999382019,-0.0749613046646118,-0.0125427514085458,-0.0904688239097595,-0.1879042387008667,-0.017953358381419,-0.0614308714866638,-0.279663473367691,-0.0300939975077199,-0.0174622535705566,-0.3104414939880371,-0.0382332594836043,-0.0633856654167175,-0.2497491836547851,0.0235112218415451,-0.0700567960739135,-0.3411370515823364,-0.0106505367675708,-0.0635174512863159,-0.2817994356155395,-0.0325515845561312,-0.0538979172706604,-0.2296296954154968,-0.0403704883301543,-0.019227921962738,-0.2516519725322723,0.0145357541969133,-0.0166456699371337,-0.3494002819061279,-0.0182430295044468,-0.0226762294769287,-0.2703018188476562,-0.0272752379769372,-0.0217423439025878,-0.2171510457992553,-0.0220752002442168,0.0257712006568908,-0.2389600872993469,-0.0020436893919395,0.032202124595642,-0.3393848538398742,-0.0332633943999098,0.0141606926918029,-0.2592964172363281,-0.0245106013262557,0.0084215402603149,-0.1975769400596618,-0.0066211538160132,0.0700889229774475,-0.2146382331848144,-0.0212529895597981,0.0680873394012451,-0.2956112921237945,-0.0353686528051184,0.0469790697097778,-0.2511734962463379,-0.0237941814357327,0.0388205647468566,-0.203771710395813,-0.0087168447444128
0.0,0.0,0.0,-0.0669843554496765,-0.0814691185951232,-0.0136719725971374,-0.0891140103340148,-0.1929556131362915,-0.0200421789606366,-0.053611934185028,-0.2764665484428406,-0.0331271568258557,-0.0075807571411132,-0.3090342581272125,-0.0417314039488587,-0.0647739768028259,-0.2454060614109039,0.024604110238954,-0.0752826929092407,-0.337878555059433,-0.0111444320475015,-0.068487524986267,-0.2712138593196869,-0.0339210869689736,-0.0574584603309631,-0.2204539179801941,-0.0420519763549123,-0.0206167101860046,-0.2468675971031189,0.0157873651067461,-0.0201845169067382,-0.3411027789115906,-0.0196957027484927,-0.0262792110443115,-0.2586902678012848,-0.0306341757943187,-0.023215889930725,-0.2091526985168457,-0.0258431656231437,0.0243800282478332,-0.235359787940979,-0.0008782324559319,0.0296063423156738,-0.3302128314971924,-0.0340790355523381,0.0115004777908325,-0.2465513050556183,-0.02541300262709,0.0075541138648986,-0.1885472536087036,-0.0066588202436719,0.0696083307266235,-0.2131049633026123,-0.0202194618006501,0.0664653778076171,-0.2904106080532074,-0.0342932844479833,0.0461664199829101,-0.23971027135849,-0.0209972632994208,0.0398139357566833,-0.1919527649879455,-0.0040982736219916
0.0,0.0,0.0,-0.0664530396461486,-0.0849282145500183,-0.010087958188194,-0.0884836316108703,-0.1933513879776001,-0.0152553195370614,-0.0503934025764465,-0.2724715769290924,-0.0279511936245739,-4.744529724121094e-05,-0.2975544929504394,-0.0366465185074389,-0.0632543563842773,-0.2429816722869873,0.0265799447657286,-0.0725665092468261,-0.3350773453712463,-0.0065968009880066,-0.0675012469291687,-0.2720015347003937,-0.0286534015326083,-0.0581093430519104,-0.22096848487854,-0.0369642373411238,-0.0205699205398559,-0.2447971403598785,0.0164789784462868,-0.0208866596221923,-0.3422003984451294,-0.0169370021907866,-0.0268518328666687,-0.2652098834514618,-0.0284493170915425,-0.0231697559356689,-0.213278591632843,-0.0246449034897864,0.0238242745399475,-0.2345994710922241,-0.000815548992648,0.0295454263687133,-0.3301933109760284,-0.0313341316072524,0.011178433895111,-0.2490724027156829,-0.0240599882094443,0.0067461133003234,-0.1877151727676391,-0.0068340959264219,0.0685577392578125,-0.2132552862167358,-0.0206463799117386,0.066330075263977,-0.2908889055252075,-0.0327817160872996,0.0448397994041442,-0.2437618374824524,-0.0205094680426896,0.036927044391632,-0.1951684951782226,-0.0049560262127101
0.0,0.0,0.0,-0.0663325190544128,-0.0824087858200073,-0.008079374372869,-0.089392602443695,-0.1923491358757019,-0.0105870060398274,-0.0492438673973083,-0.2697219848632812,-0.0206422108932429,0.0025969743728637,-0.2797961235046386,-0.0264876179172688,-0.0661896467208862,-0.2319672107696533,0.0300109748021668,-0.0763192772865295,-0.3265727162361145,0.000490404210609,-0.0731734037399292,-0.2589241564273834,-0.0178549449666434,-0.0652657747268676,-0.2117228507995605,-0.0244924213512831,-0.0238500833511352,-0.2344708442687988,0.0201948404536551,-0.0263648033142089,-0.3303993642330169,-0.0127470280750685,-0.0318631529808044,-0.2483393847942352,-0.0227860204651051,-0.028289258480072,-0.1980772614479065,-0.0173708770199709,0.0207021832466125,-0.2264199256896972,0.0035003973861194,0.0226988792419433,-0.322252094745636,-0.0252140287085467,0.0073739886283874,-0.2425709068775177,-0.0177435606493645,0.0047153234481811,-0.1860169768333435,-0.0006785117913068,0.0663967728614807,-0.2088466882705688,-0.0156254872455292,0.0607500672340393,-0.2835886776447296,-0.0266286108418398,0.0408034920692443,-0.2341493368148803,-0.0150019556059532,0.034679889678955,-0.1862543821334839,-0.0002796313675617
0.0,0.0,0.0,-0.0665665864944458,-0.0769886970520019,-0.0100530094289865,-0.0892398357391357,-0.190056562423706,-0.0118815942490186,-0.0456970930099487,-0.2635052502155304,-0.020487230905303,0.0064959526062011,-0.2658373415470123,-0.024969520681509,-0.0697669386863708,-0.2285798788070678,0.0276883498942765,-0.0790181756019592,-0.3184417188167572,-0.0020197983188268,-0.0760651230812072,-0.2509547173976898,-0.0197335972273435,-0.0693515539169311,-0.2066382765769958,-0.0260005562388982,-0.0270501375198364,-0.2318019866943359,0.0187986710286054,-0.028443157672882,-0.3248826265335083,-0.0143458691248383,-0.0338321328163147,-0.2421409487724304,-0.0231252784663524,-0.0307451486587524,-0.1973811388015747,-0.0166465516024914,0.0180096626281738,-0.2232326865196228,0.0027735904502037,0.0215483903884887,-0.3151509165763855,-0.0271485621863689,0.0063985586166381,-0.23520028591156,-0.0195707312607851,0.0033483505249023,-0.1854622960090637,-0.0022516641122933,0.0631511211395263,-0.2057323455810547,-0.0157515096300926,0.0594781637191772,-0.2787232995033264,-0.0276911414051141,0.0404677391052246,-0.2267667055130005,-0.0157997130239095,0.034418761730194,-0.1814556121826172,-0.000880113796768
0.0,0.0,0.0,-0.0688560009002685,-0.072468101978302,-0.011287610293948,-0.0942656397819519,-0.1859461665153503,-0.0127503278345102,-0.0502984523773193,-0.2600329220294952,-0.0204635022819275,0.0046722888946533,-0.2563599050045013,-0.0238583146274322,-0.0736098289489746,-0.2223178148269653,0.0280721669405465,-0.0837331414222717,-0.3108435869216919,-0.000596627840423,-0.0818392634391784,-0.2433122992515564,-0.0173321052134269,-0.0743640065193176,-0.2012144923210144,-0.0231663438171381,-0.0316532850265502,-0.2269374132156372,0.0205547937512164,-0.035010814666748,-0.3188431859016418,-0.0126373509556287,-0.0394970774650573,-0.2376695871353149,-0.0214776697248453,-0.0332120656967163,-0.1946926116943359,-0.0146222070470685,0.0131275653839111,-0.2206702828407287,0.0058163564972346,0.0134855508804321,-0.3120166063308716,-0.0238789639115566,0.0003575682640075,-0.2334744334220886,-0.0172290431946748,0.0009794831275939,-0.1859779357910156,-0.000237757092691,0.0595732331275939,-0.2059994339942932,-0.0115302254125708,0.0525926351547241,-0.2776308953762054,-0.023556867861771,0.0347192883491516,-0.2255322337150573,-0.0130089374870294,0.031933307647705,-0.1809784173965454,0.0011256524448981
0.0,0.0,0.0,-0.0681341886520385,-0.0737814307212829,-0.0093280044636685,-0.0936702489852905,-0.1856516003608703,-0.009352362274285,-0.0512108206748962,-0.2588726878166199,-0.0158551759338934,0.0028181672096252,-0.2495429217815399,-0.0178739535874683,-0.0749502182006836,-0.2167545557022094,0.0321609605782668,-0.0853816866874694,-0.3080156445503235,0.0057099191219549,-0.0819669365882873,-0.2422140538692474,-0.0097787198862988,-0.0747158527374267,-0.2004896998405456,-0.0149388225070197,-0.0335549712181091,-0.2219268679618835,0.0244003743612211,-0.0373616218566894,-0.3161323070526123,-0.0072373454711396,-0.0401049852371215,-0.2363031506538391,-0.0164611838079054,-0.0349227786064147,-0.1928310394287109,-0.0098543246529061,0.0111259222030639,-0.2160710096359253,0.0096583249726336,0.0105984210968017,-0.3084748983383178,-0.0182944699442941,-0.0005252957344055,-0.2330685257911682,-0.013167147084232,-4.786252975463867e-05,-0.1863346695899963,0.0025839213960807,0.0578455328941345,-0.2018215656280517,-0.0074446909382004,0.0500402450561523,-0.2728456556797027,-0.0179967130786735,0.0334182977676391,-0.2219622731208801,-0.008066941543575,0.0308181643486022,-0.176985502243042,0.0053204693579118
0.0,0.0,0.0,-0.0686602592468261,-0.0729986429214477,-0.0087801584354565,-0.0945118069648742,-0.1853747367858886,-0.0091011396921203,-0.0531133413314819,-0.2619295120239258,-0.016143513222687,3.743171691894531e-05,-0.2599609792232513,-0.018887275209181,-0.0757033228874206,-0.2226989865303039,0.0318583330758883,-0.0869318842887878,-0.312540590763092,0.0050231005684509,-0.0839694142341613,-0.2475458979606628,-0.0110596356294081,-0.0755329728126525,-0.2054071426391601,-0.0165098899356053,-0.033380389213562,-0.2272042036056518,0.0234251717724873,-0.0361199975013732,-0.3193046748638153,-0.0082780619463846,-0.0406410694122314,-0.2377009391784668,-0.0174540424100086,-0.0352283120155334,-0.1924973726272583,-0.010722081487529,0.0113393068313598,-0.2207187414169311,0.0080442267158105,0.0118944644927978,-0.3133054971694946,-0.0195024268082306,-0.0015637278556823,-0.2371626496315002,-0.0136251024282501,-0.0011483430862426,-0.1892789602279663,0.0026070351400449,0.0577438473701477,-0.2049600481986999,-0.0096878757080958,0.0507276654243469,-0.2786002159118652,-0.0193502244851515,0.032303512096405,-0.2277728915214538,-0.0082666336870715,0.0293589830398559,-0.1820616722106933,0.0059816140369548
0.0,0.0,0.0,-0.0680972337722778,-0.0718387961387634,-0.010310385613252,-0.0945824384689331,-0.1818663477897644,-0.0116516819731486,-0.0520254969596862,-0.2548356056213379,-0.0194335796446694,0.0016127824783325,-0.2473717927932739,-0.0230207156897677,-0.07398521900177,-0.2216678857803344,0.0275280687450276,-0.0853686332702636,-0.307330459356308,-0.0020337542561037,-0.0825516581535339,-0.2381941080093383,-0.0185128890485657,-0.0742883682250976,-0.1979469656944275,-0.0240585331381453,-0.0327596068382263,-0.2254917621612548,0.0192731141536341,-0.037401258945465,-0.3141238093376159,-0.0139770985157383,-0.0408882498741149,-0.2313324809074401,-0.0216534838588131,-0.03444504737854,-0.1921858191490173,-0.0142970227212799,0.0116034150123596,-0.2186527848243713,0.0037625329526917,0.0108218789100646,-0.3075462877750397,-0.0272668891162766,-0.0013211369514465,-0.2258692979812622,-0.0199804876507414,5.513429641723633e-05,-0.1800301671028137,-0.0023451671046359,0.0576697587966918,-0.203296959400177,-0.0141258242116464,0.0491061806678772,-0.274693489074707,-0.0272284329445255,0.0325829982757568,-0.2206844091415405,-0.0163720205933941,0.0315275192260742,-0.1764138340950012,-0.0018528971164641
0.0,0.0,0.0,-0.0678357481956482,-0.0714900493621826,-0.0099666485573379,-0.0953148007392883,-0.1838571429252624,-0.0092950560162989,-0.0527953505516052,-0.2571715116500854,-0.0149501537914602,0.0013207197189331,-0.2488552331924438,-0.0157244116078345,-0.0780804753303527,-0.2201575636863708,0.0324842125166924,-0.0878829956054687,-0.3087714612483978,0.0045274147753389,-0.0843139886856079,-0.2400689125061035,-0.0107683524499861,-0.0765219926834106,-0.2006502747535705,-0.0153911825279919,-0.0358890295028686,-0.2253931164741516,0.0249753050495655,-0.0398079752922058,-0.3152659833431244,-0.0067594865347473,-0.0424569249153137,-0.2328286170959472,-0.0141138549904553,-0.0357899069786071,-0.1953510046005249,-0.0062116839933423,0.0092166662216186,-0.2190405130386352,0.0099229874078901,0.0082128047943115,-0.3076265454292297,-0.0191319700340955,-0.0028950572013854,-0.2278054356575012,-0.0119269615049688,-0.0009906888008117,-0.1848923563957214,0.0055366704229982,0.0558732748031616,-0.2039371728897094,-0.0075849638330964,0.0488422513008117,-0.2745548486709595,-0.0187897890816657,0.0322102308273315,-0.2218484282493591,-0.0078871440152852,0.0305964946746826,-0.1794726252555847,0.0065040822130413
0.0,0.0,0.0,-0.068800151348114,-0.0716180801391601,-0.0078751164359118,-0.0938103795051574,-0.1796241402626037,-0.0063326292541887,-0.0531553030014038,-0.2539241313934326,-0.0118062616196539,-0.0038884878158569,-0.2663840353488922,-0.0124741726425554,-0.0734290480613708,-0.2182586193084716,0.0336007765623662,-0.0836902260780334,-0.3073765635490417,0.0024130394346002,-0.0811718702316284,-0.2379075288772583,-0.0137139222455289,-0.0731900334358215,-0.1978868246078491,-0.0177906014827158,-0.0324522256851196,-0.2208660840988159,0.024824480632219,-0.0358503460884094,-0.3086723387241363,-0.0095326815602447,-0.0405871272087097,-0.2240054607391357,-0.0173332159278061,-0.0343850255012512,-0.1897932291030883,-0.0094191766214635,0.0113596320152282,-0.2141281366348266,0.008388885402951,0.0095782876014709,-0.3009507954120636,-0.02401542932364,-0.0028045177459716,-0.2166979312896728,-0.015188902510431,-0.0003190040588378,-0.1768952012062072,0.0040225564631555,0.0568388104438781,-0.2002533674240112,-0.0101395043415095,0.0488995313644409,-0.2669695615768432,-0.0233832643237974,0.0310766100883483,-0.2111318707466125,-0.0109704675954844,0.0292067527770996,-0.1720236539840698,0.0050948277245197
0.0,0.0,0.0,-0.0671655535697937,-0.0744336247444152,-0.0079151760801892,-0.0933650732040405,-0.1811549067497253,-0.0067690756187062,-0.0509098172187805,-0.2527561783790588,-0.0128701465219478,0.0014476180076599,-0.2585770487785339,-0.0143083414077977,-0.0763357281684875,-0.2139815688133239,0.03362317047862,-0.0873661637306213,-0.3058562874794006,0.0025125447645564,-0.0847380757331848,-0.2383375167846679,-0.0139823878199081,-0.0764082670211792,-0.1978178024291992,-0.0182793770000557,-0.0350993871688842,-0.2170566320419311,0.0248981289550442,-0.0373432040214538,-0.3080195188522339,-0.0095003923416356,-0.0423634052276611,-0.2263171672821045,-0.0178742200151305,-0.0364542603492736,-0.1905871629714965,-0.0102090189248542,0.0089600682258605,-0.2110041379928589,0.0085220927357454,0.0095671415328979,-0.3001086115837097,-0.0234066505000214,-0.0035163760185241,-0.2195451259613037,-0.0160499770209412,-0.0017623305320739,-0.1787632703781128,0.0023406107429195,0.0546581149101257,-0.1979923844337463,-0.0099931905061225,0.0484439730644226,-0.2673757672309875,-0.0221328899279455,0.0307378768920898,-0.2149408459663391,-0.0102963974714498,0.0289985537528991,-0.1753442287445068,0.0051819136351127
0.0,0.0,0.0,-0.0680043697357177,-0.0736933946609497,-0.0075536706539764,-0.0955525636672973,-0.1844447255134582,-0.00497265495909,-0.0528070926666259,-0.2584070563316345,-0.0093431087265685,-0.0006881952285766,-0.2648904919624328,-0.0088524926508739,-0.0796244144439697,-0.2202993631362915,0.0338504271526858,-0.0893341302871704,-0.3122902512550354,0.0026042513960078,-0.08552747964859,-0.2416645884513855,-0.0133073177243545,-0.076793372631073,-0.201030433177948,-0.0171932267080023,-0.0372860431671142,-0.2226799726486206,0.0251561583896204,-0.0401393175125122,-0.3122180104255676,-0.0091209789792969,-0.0448240637779235,-0.2283920049667358,-0.0169842975269034,-0.0383157134056091,-0.1949426531791687,-0.0090054269934967,0.0080216526985168,-0.2158122062683105,0.0087325716336295,0.0078901648521423,-0.3020507395267486,-0.0239278027842715,-0.0053540468215942,-0.2182113528251648,-0.0163521921317055,-0.0030963420867919,-0.1790599822998047,0.0022740549352988,0.0547431707382202,-0.2019623517990112,-0.0097111580948308,0.0477102398872375,-0.2692629098892212,-0.0236171452383473,0.0301059484481811,-0.2141849398612976,-0.0123808715547397,0.0297695994377136,-0.1752928495407104,0.0029962625299617
