,0,1,2,3,4,5,6,7,8,9,10,11,12,13,14,15,16,17,18,19,20,21,22,23,24,25,26,27,28,29,30,31,32,33,34,35,36,37,38,39,40,41,42,43,44,45,46,47,48,49,50,51,52,53,54,55,56,57,58,59,60,61,62
0,0.0,0.0,0.0,-0.12592768669128418,-0.03206181526184082,-0.0822474569579299,-0.22480487823486328,-0.09458887577056885,-0.13309620176755743,-0.2990127503871918,-0.15690946578979492,-0.17569355522596197,-0.371092289686203,-0.21138310432434082,-0.21738138650857763,-0.10897961258888245,-0.24328917264938354,-0.08332007979356604,-0.12721890211105347,-0.348618745803833,-0.14367289697133856,-0.13172763586044312,-0.4154288172721863,-0.19459438179933386,-0.12958532571792603,-0.4745897054672241,-0.2308283284803565,-0.03275567293167114,-0.25292062759399414,-0.08231617366277533,-0.04101794958114624,-0.3683891296386719,-0.13423918043577032,-0.04731267690658569,-0.4434162378311157,-0.17752517615758734,-0.05149728059768677,-0.5097922086715698,-0.20921748732530432,0.037702202796936035,-0.24003523588180542,-0.09117193376027899,0.040135204792022705,-0.34501874446868896,-0.1390135571857627,0.03660929203033447,-0.4145568609237671,-0.1694289133449729,0.03111433982849121,-0.4757079482078552,-0.19141577040159063,0.1086229681968689,-0.21008223295211792,-0.10817088042699652,0.1262229084968567,-0.2884026765823364,-0.1495539531608756,0.13097214698791504,-0.33975428342819214,-0.16802956019841986,0.1323058009147644,-0.3880916237831116,-0.18040445302926855
1,0.0,0.0,0.0,-0.12361976504325867,-0.036994218826293945,-0.07622450565270356,-0.22507953643798828,-0.10240435600280762,-0.12558695649079255,-0.3016420006752014,-0.1662859320640564,-0.1678776291506665,-0.3733873963356018,-0.22115963697433472,-0.2086452392237561,-0.10749879479408264,-0.25058817863464355,-0.0743579862015622,-0.12372541427612305,-0.3564184308052063,-0.13028570984772614,-0.1257733702659607,-0.4208918809890747,-0.17795243834427765,-0.1208149790763855,-0.47894230484962463,-0.21194981013707093,-0.03136664628982544,-0.261454701423645,-0.07596638773850373,-0.04022717475891113,-0.37956175208091736,-0.12129078780583313,-0.046085894107818604,-0.454403281211853,-0.16025371824673584,-0.050099968910217285,-0.5198826491832733,-0.1896187511580365,0.039658546447753906,-0.24932748079299927,-0.08697465782336167,0.03955596685409546,-0.3562200963497162,-0.12630537127427033,0.037721991539001465,-0.4261355996131897,-0.1519189176457303,0.032801687717437744,-0.4878538250923157,-0.17258936141899994,0.11145913600921631,-0.21919894218444824,-0.10616922353676728,0.12482643127441406,-0.29773667454719543,-0.1397545037167447,0.1301966905593872,-0.3499565124511719,-0.15364794408253601,0.13213074207305908,-0.3995351195335388,-0.16387908135823182
2,0.0,0.0,0.0,-0.1240699291229248,-0.035850703716278076,-0.07440636934336453,-0.2257121205329895,-0.10375577211380005,-0.12062713386114865,-0.29922589659690857,-0.16891556978225708,-0.1601024854331854,-0.3714335858821869,-0.22210311889648438,-0.19825249792631894,-0.10774463415145874,-0.25201016664505005,-0.0708354103713873,-0.12000143527984619,-0.35782891511917114,-0.12472776950892239,-0.12080511450767517,-0.4224925935268402,-0.17074984194334775,-0.11552920937538147,-0.48023682832717896,-0.2038884300142172,-0.03266364336013794,-0.2625136971473694,-0.0723925370126608,-0.03762167692184448,-0.38077378273010254,-0.11563565464314252,-0.04014742374420166,-0.45440953969955444,-0.15204252184923917,-0.04161715507507324,-0.5187533497810364,-0.17997963608797818,0.03624933958053589,-0.25037717819213867,-0.08351690204438,0.03855031728744507,-0.3585776686668396,-0.12084675462540417,0.03789389133453369,-0.4271775484085083,-0.14404226721819668,0.03345620632171631,-0.4876634478569031,-0.16327836991843014,0.1068277359008789,-0.2199212908744812,-0.10299346478279858,0.12094855308532715,-0.29904934763908386,-0.13487380625304013,0.1258668303489685,-0.3514766991138458,-0.14781713367995053,0.12677836418151855,-0.40096426010131836,-0.1577564764171484
3,0.0,0.0,0.0,-0.12290874123573303,-0.036860883235931396,-0.07380749763245831,-0.2227439284324646,-0.1045122742652893,-0.1200128245472456,-0.29703015089035034,-0.16924673318862915,-0.15957832814450512,-0.36978667974472046,-0.22257733345031738,-0.1980120885490919,-0.1071946918964386,-0.2516757845878601,-0.07092220814223538,-0.11920338869094849,-0.3575794994831085,-0.1242748770236517,-0.11972886323928833,-0.42189550399780273,-0.16984189034695873,-0.11413264274597168,-0.47974124550819397,-0.20285672427411328,-0.03170013427734375,-0.2620347738265991,-0.07270410389895687,-0.03685891628265381,-0.38034337759017944,-0.11559520394797573,-0.03973877429962158,-0.45395612716674805,-0.1521117287992979,-0.04190617799758911,-0.5186930894851685,-0.18037936569447766,0.03806346654891968,-0.24965065717697144,-0.08391510428185711,0.039585232734680176,-0.3575103282928467,-0.12102587254042874,0.03913772106170654,-0.4265834093093872,-0.144861851942494,0.034709393978118896,-0.4881399869918823,-0.16488597275014172,0.10948348045349121,-0.21943002939224243,-0.10334105522628079,0.1230735182762146,-0.29816368222236633,-0.1352427649616743,0.12796401977539062,-0.3506956994533539,-0.14875413955445538,0.12920528650283813,-0.4007159173488617,-0.15939827741379986
4,0.0,0.0,0.0,-0.1232740581035614,-0.03597790002822876,-0.08029607696892072,-0.22442615032196045,-0.10433918237686157,-0.1284637676036482,-0.29886263608932495,-0.17053550481796265,-0.16885343952537823,-0.37112247943878174,-0.22403639554977417,-0.20748073621155072,-0.10844892263412476,-0.250866174697876,-0.07564947767616559,-0.1150253415107727,-0.3573058247566223,-0.13053930564285565,-0.11060616374015808,-0.42214709520339966,-0.17712102098823834,-0.10127073526382446,-0.48096391558647156,-0.21064194305301953,-0.03241395950317383,-0.26076048612594604,-0.07416757954717923,-0.03295135498046875,-0.37746545672416687,-0.11838894350887585,-0.03124690055847168,-0.4505302906036377,-0.1544896738088255,-0.028315246105194092,-0.5156571567058563,-0.18221058709980298,0.036963045597076416,-0.2484777569770813,-0.08279906226755429,0.041368961334228516,-0.3551943898200989,-0.12062879665256787,0.04422163963317871,-0.4239044189453125,-0.1425003634250288,0.04429340362548828,-0.4853878319263458,-0.16057898862720776,0.10688376426696777,-0.21871298551559448,-0.1004958303129797,0.11824524402618408,-0.2978655695915222,-0.13243109746338178,0.1230536699295044,-0.3507117033004761,-0.1446819083249693,0.12546420097351074,-0.4008725881576538,-0.1540791319167738
5,0.0,0.0,0.0,-0.12320536375045776,-0.037476301193237305,-0.08037598845385219,-0.2253437638282776,-0.10636216402053833,-0.12790185627363826,-0.30162689089775085,-0.17300516366958618,-0.1673849862518182,-0.37215694785118103,-0.22665929794311523,-0.20487042185686732,-0.10854041576385498,-0.2500893473625183,-0.07416722592734004,-0.113131582736969,-0.3559041917324066,-0.1274565648736825,-0.10500490665435791,-0.4197012782096863,-0.1732358675899377,-0.09129613637924194,-0.47786274552345276,-0.20641103801153804,-0.03208053112030029,-0.26000213623046875,-0.07202313509606029,-0.029005706310272217,-0.3753383159637451,-0.11297525134705211,-0.022227883338928223,-0.44699907302856445,-0.1477863979043832,-0.01352846622467041,-0.5109216272830963,-0.17546129640959407,0.037336885929107666,-0.24787920713424683,-0.0801204409899583,0.04572594165802002,-0.3538227379322052,-0.11543359276674892,0.051200926303863525,-0.4216545820236206,-0.13715160307310725,0.05406123399734497,-0.48205721378326416,-0.1559725892248025,0.1067320704460144,-0.21803808212280273,-0.09732228186749126,0.11949551105499268,-0.2964712381362915,-0.12821476575754787,0.1259979009628296,-0.348713755607605,-0.14087820467375423,0.12982618808746338,-0.39786040782928467,-0.15104265925310756
6,0.0,0.0,0.0,-0.1239309012889862,-0.039145588874816895,-0.07802862308096792,-0.22678661346435547,-0.1077302098274231,-0.12293158850741293,-0.3041829764842987,-0.17437106370925903,-0.1603146829373827,-0.3736577332019806,-0.22779172658920288,-0.19512713334631826,-0.1082632839679718,-0.247264564037323,-0.06568253419470693,-0.10875248908996582,-0.3500549793243408,-0.11651526770663168,-0.09691286087036133,-0.4105769097805023,-0.16062216839861776,-0.07895997166633606,-0.4675699472427368,-0.19287401816916372,-0.03076106309890747,-0.25692856311798096,-0.063875544882535,-0.0237044095993042,-0.3682342767715454,-0.10313237837624456,-0.012349843978881836,-0.43806540966033936,-0.13639074943137075,0.0015481114387512207,-0.501606822013855,-0.16285296163630392,0.038355886936187744,-0.2447536587715149,-0.07270656160187627,0.049964964389801025,-0.345134437084198,-0.10813290259909536,0.05846238136291504,-0.4101625382900238,-0.12814644358229543,0.06503075361251831,-0.4693121612071991,-0.1451896019942751,0.10685533285140991,-0.21502941846847534,-0.09052951268029119,0.12212789058685303,-0.2888573408126831,-0.12083527824950124,0.13133305311203003,-0.3370537757873535,-0.13144269964766409,0.13812702894210815,-0.3827029764652252,-0.13987367234301473
7,0.0,0.0,0.0,-0.12258663773536682,-0.03924763202667236,-0.07793864847781151,-0.22487258911132812,-0.10666012763977051,-0.1239109733855912,-0.3018725514411926,-0.17263054847717285,-0.16196986527802437,-0.3712678551673889,-0.2263169288635254,-0.1974566528356263,-0.1065317690372467,-0.245600163936615,-0.0677487129128167,-0.10596764087677002,-0.34887316823005676,-0.11800255866410225,-0.09403494000434875,-0.40924271941185,-0.16193703801991433,-0.07733240723609924,-0.4653218388557434,-0.19372641535164803,-0.029590845108032227,-0.2546674609184265,-0.06518550457121819,-0.02116525173187256,-0.3659214973449707,-0.1030595028555581,-0.010866165161132812,-0.43454915285110474,-0.13612974675061196,0.0004507303237915039,-0.49669593572616577,-0.16242870183350533,0.03948009014129639,-0.2421228289604187,-0.07277579100491494,0.051957547664642334,-0.3433963358402252,-0.10660811008574456,0.061016857624053955,-0.4081193804740906,-0.12632296474339455,0.06722182035446167,-0.46619826555252075,-0.14327796788575142,0.10722124576568604,-0.21253496408462524,-0.08915154875876397,0.12342703342437744,-0.2867075204849243,-0.11828792335154503,0.13419121503829956,-0.33456769585609436,-0.12803802879216164,0.14252972602844238,-0.3790883421897888,-0.13569218905331581
8,0.0,0.0,0.0,-0.1250782012939453,-0.040144264698028564,-0.08123682589348391,-0.23054444789886475,-0.10824543237686157,-0.12005264462050036,-0.30949175357818604,-0.17539650201797485,-0.15064505637701586,-0.3798443377017975,-0.22933661937713623,-0.1768709510665758,-0.11663365364074707,-0.2457289695739746,-0.038377126316390786,-0.11801385879516602,-0.3372696340084076,-0.07996858061369494,-0.10145893692970276,-0.38801294565200806,-0.12151576728638247,-0.0780150294303894,-0.43693113327026367,-0.1530529499154909,-0.0381963849067688,-0.25461578369140625,-0.030262948582731042,-0.029836416244506836,-0.3515440821647644,-0.05898893774565295,-0.010768473148345947,-0.40995436906814575,-0.09038019330319003,0.013057827949523926,-0.463101327419281,-0.1171303778987749,0.03047502040863037,-0.24290990829467773,-0.035308146486841,0.0451200008392334,-0.32810014486312866,-0.06683301330622271,0.06329923868179321,-0.37882232666015625,-0.08689720333632067,0.08180832862854004,-0.424463152885437,-0.103550294051729,0.09605926275253296,-0.21554553508758545,-0.05001266450699404,0.10997283458709717,-0.27855145931243896,-0.07907182128246859,0.1274222731590271,-0.3133236765861511,-0.08975654245432452,0.14683127403259277,-0.3458729386329651,-0.09787753374394015
9,0.0,0.0,0.0,-0.12465795874595642,-0.03742009401321411,-0.07450177269961955,-0.23116162419319153,-0.10346102714538574,-0.10881294059541347,-0.3062799572944641,-0.17147451639175415,-0.13705219077851893,-0.36600175499916077,-0.22625720500946045,-0.15864801156308772,-0.12868371605873108,-0.24536925554275513,-0.019088314203287382,-0.13489454984664917,-0.3309113383293152,-0.06397451954867961,-0.11720982193946838,-0.3647858500480652,-0.11306559788968684,-0.10000878572463989,-0.3701627552509308,-0.14357846724774959,-0.05209583044052124,-0.25436121225357056,-0.008069794913495798,-0.045499980449676514,-0.3479152321815491,-0.04368608566906573,-0.02749931812286377,-0.38073381781578064,-0.09000260132339122,-0.014986693859100342,-0.37047240138053894,-0.11979620653178813,0.021205782890319824,-0.24415111541748047,-0.009107348797584791,0.03345233201980591,-0.3331880271434784,-0.0470212970950854,0.04686814546585083,-0.3688809871673584,-0.08196218806293132,0.053452253341674805,-0.3524799346923828,-0.09987688559081676,0.09272909164428711,-0.22134071588516235,-0.01766188750949027,0.10189080238342285,-0.2879628539085388,-0.05629071715262057,0.11274194717407227,-0.31927216053009033,-0.07982790964629771,0.12261056900024414,-0.3155016303062439,-0.0888437156656039
10,0.0,0.0,0.0,-0.1185029149055481,-0.02245044708251953,-0.06865918931517001,-0.23344171047210693,-0.08462578058242798,-0.11360259649309512,-0.3054690361022949,-0.15195786952972412,-0.15589577254804965,-0.32139158248901367,-0.218006432056427,-0.18837502893957492,-0.16362226009368896,-0.23303675651550293,-0.03955820870551463,-0.1689927577972412,-0.32083094120025635,-0.10619354543241855,-0.15304052829742432,-0.3337440490722656,-0.14934681651148196,-0.14684146642684937,-0.3094785511493683,-0.16808021363767978,-0.08637762069702148,-0.24229449033737183,-0.03812611770781871,-0.0691678524017334,-0.3387185335159302,-0.11014273312839862,-0.0401914119720459,-0.2870500385761261,-0.13638875183615085,-0.05251377820968628,-0.23572111129760742,-0.13397856351885196,-0.010477900505065918,-0.23810118436813354,-0.048257957370609006,0.00894540548324585,-0.31458017230033875,-0.11048932668718692,0.03433197736740112,-0.26945120096206665,-0.10416818705353137,0.019694387912750244,-0.2267778515815735,-0.08234509375843402,0.05904477834701538,-0.21903806924819946,-0.06532497254166003,0.07495468854904175,-0.28074902296066284,-0.10533362177166339,0.08703941106796265,-0.250397264957428,-0.09403140393051501,0.07123774290084839,-0.21602261066436768,-0.07323808518204089
11,0.0,0.0,0.0,-0.11737233400344849,-0.019518911838531494,-0.0706186783108933,-0.23694288730621338,-0.0793493390083313,-0.11365811941959691,-0.31053560972213745,-0.14694392681121826,-0.15380056617595983,-0.3260003328323364,-0.2124103307723999,-0.1837885123286469,-0.1663256287574768,-0.22802096605300903,-0.03650776339509321,-0.1712949275970459,-0.3159463107585907,-0.09825311271288228,-0.1540871262550354,-0.327822208404541,-0.1347394776139481,-0.14674082398414612,-0.3054598569869995,-0.14916015086510015,-0.08842331171035767,-0.2391306757926941,-0.03291852442362142,-0.0649946928024292,-0.3351535201072693,-0.10108752218820882,-0.03482025861740112,-0.2793913185596466,-0.11932020304539037,-0.04859703779220581,-0.22884780168533325,-0.11057670829632116,-0.013523399829864502,-0.2369939088821411,-0.041455027142546896,0.01027834415435791,-0.31214439868927,-0.10405607191660238,0.03481560945510864,-0.2635546922683716,-0.09296583054401708,0.0178259015083313,-0.21983373165130615,-0.06639839378931356,0.0551488995552063,-0.21948391199111938,-0.05695390743949247,0.07575207948684692,-0.27975648641586304,-0.09814540711977315,0.08850497007369995,-0.24698323011398315,-0.08491322068312002,0.07116371393203735,-0.2111985683441162,-0.06164353010990453
12,0.0,0.0,0.0,-0.12190604209899902,-0.02513176202774048,-0.06571280986975125,-0.2398587465286255,-0.09015631675720215,-0.1038766208381503,-0.29722461104393005,-0.16303110122680664,-0.14146644652794294,-0.24960893392562866,-0.21199136972427368,-0.16410278559635572,-0.1640532910823822,-0.22130465507507324,-0.027393292942747394,-0.16466876864433289,-0.31451982259750366,-0.10739371956299237,-0.14318519830703735,-0.2481817603111267,-0.1557112264723628,-0.1338014304637909,-0.18873196840286255,-0.17558417499969892,-0.08271634578704834,-0.23398256301879883,-0.024887126246198932,-0.07555490732192993,-0.3251661956310272,-0.10205034942339353,-0.049941420555114746,-0.24093610048294067,-0.12364464283893994,-0.05462014675140381,-0.18793606758117676,-0.11798682839582852,-0.006515026092529297,-0.2328634262084961,-0.036570437559589664,0.008770227432250977,-0.31314054131507874,-0.10487870157669477,0.022008061408996582,-0.24189305305480957,-0.08963156522224835,0.011930525302886963,-0.19274133443832397,-0.058544833520159045,0.06640625,-0.2179657220840454,-0.05521898374865941,0.07994109392166138,-0.2813796103000641,-0.09215773672769956,0.07902741432189941,-0.23800349235534668,-0.07556428790996961,0.06332850456237793,-0.2029569149017334,-0.0509647096783965
13,0.0,0.0,0.0,-0.11523288488388062,-0.03241372108459473,-0.06606542757538136,-0.226036936044693,-0.09534668922424316,-0.10357840797689732,-0.25731679797172546,-0.17663204669952393,-0.14137845179823216,-0.17874842882156372,-0.2150534987449646,-0.16467132112768468,-0.16996195912361145,-0.21571356058120728,-0.019509792987378205,-0.16247445344924927,-0.2885926365852356,-0.0994963764288741,-0.13440093398094177,-0.2142772674560547,-0.1434852822759467,-0.13004732131958008,-0.16227173805236816,-0.16047937116411504,-0.08321839570999146,-0.22821056842803955,-0.01735865576949891,-0.07091981172561646,-0.30062469840049744,-0.09946216336277303,-0.0472109317779541,-0.20965641736984253,-0.11961482903745946,-0.059715986251831055,-0.16414982080459595,-0.11265158346679982,-0.0010755062103271484,-0.22912633419036865,-0.030081656489642228,0.01604229211807251,-0.2991594672203064,-0.10955448142078694,0.02440178394317627,-0.21546423435211182,-0.09191683373239812,0.005304098129272461,-0.1681140661239624,-0.056062851760657395,0.07531130313873291,-0.21662700176239014,-0.04911263353017148,0.08943051099777222,-0.27697819471359253,-0.08983533522871312,0.08315157890319824,-0.2247002124786377,-0.06935460558918294,0.05929100513458252,-0.18916380405426025,-0.041072760436804856
14,0.0,0.0,0.0,-0.10760530829429626,-0.034812211990356445,-0.070352553484895,-0.20696932077407837,-0.09742105007171631,-0.10576611673639036,-0.2325975000858307,-0.17983120679855347,-0.1404022417049191,-0.1559697389602661,-0.21237683296203613,-0.15858116662309385,-0.17581045627593994,-0.21126937866210938,-0.006284603012659318,-0.17404058575630188,-0.26894593238830566,-0.07923833942220426,-0.1460852026939392,-0.19535815715789795,-0.1113454020600102,-0.14411082863807678,-0.1695381999015808,-0.12276363289163328,-0.09119606018066406,-0.22223705053329468,-0.0015770053508958881,-0.08083027601242065,-0.2771810293197632,-0.07915170407102323,-0.05939817428588867,-0.1880975365638733,-0.08994159763858534,-0.07695499062538147,-0.17262840270996094,-0.07732648318813062,-0.007861018180847168,-0.22192633152008057,-0.013895588090576894,0.010030150413513184,-0.2758384943008423,-0.09203708833263136,0.015370309352874756,-0.19602030515670776,-0.07072448646829343,-0.008326232433319092,-0.1730610728263855,-0.03392748451040006,0.07195061445236206,-0.2113819122314453,-0.03315348094508863,0.08876734972000122,-0.26187771558761597,-0.06831309860751844,0.08366131782531738,-0.2118886113166809,-0.04575312426493383,0.05939066410064697,-0.18957853317260742,-0.017483566982605225
15,0.0,0.0,0.0,-0.10784083604812622,-0.02614450454711914,-0.057815098200762804,-0.21874761581420898,-0.09466630220413208,-0.08347922283860498,-0.2367827594280243,-0.17786842584609985,-0.11045282799454981,-0.15402686595916748,-0.2049412727355957,-0.12238470930310541,-0.17705151438713074,-0.20402741432189941,0.00240685395260698,-0.1689549684524536,-0.2636517882347107,-0.06942569184752756,-0.14435473084449768,-0.18926531076431274,-0.10200202185365015,-0.1467781960964203,-0.1627914309501648,-0.11454090196343714,-0.09384441375732422,-0.21475422382354736,0.0008508385537879803,-0.07860767841339111,-0.2714608907699585,-0.07384832668753916,-0.05806177854537964,-0.18143659830093384,-0.08119438308926874,-0.0772750973701477,-0.16530323028564453,-0.06606811005326563,-0.011245906352996826,-0.21526455879211426,-0.01756941992493921,0.01016092300415039,-0.27079999446868896,-0.09262425917836481,0.01698160171508789,-0.1889495849609375,-0.06984086800071054,-0.009480535984039307,-0.16802877187728882,-0.032930945043290194,0.06932032108306885,-0.20692288875579834,-0.04234557319136911,0.0881190299987793,-0.2551538944244385,-0.07868318725081735,0.08491271734237671,-0.2031477689743042,-0.05807400215121561,0.05967527627944946,-0.18372046947479248,-0.031608947549784716
16,0.0,0.0,0.0,-0.10860735177993774,-0.029736995697021484,-0.052699321950967715,-0.215438574552536,-0.10235595703125,-0.07482924133091728,-0.2235332727432251,-0.18591171503067017,-0.0988024455264167,-0.13596904277801514,-0.20449364185333252,-0.10862793594151299,-0.17847150564193726,-0.20591408014297485,0.007508248486374214,-0.17474210262298584,-0.2614665627479553,-0.06040735363512795,-0.14535623788833618,-0.18848568201065063,-0.09209324985295098,-0.14184030890464783,-0.16346925497055054,-0.10438339232950966,-0.09482249617576599,-0.21570563316345215,0.005238101281975105,-0.0829797089099884,-0.26709622144699097,-0.0637363177493171,-0.06095820665359497,-0.17986011505126953,-0.06867621659785073,-0.07460889220237732,-0.1629098653793335,-0.05262134044915001,-0.012660443782806396,-0.21396875381469727,-0.013438659790153906,0.007234811782836914,-0.2629252076148987,-0.08355308144837181,0.013399839401245117,-0.18344920873641968,-0.06116070046573441,-0.007247984409332275,-0.16179323196411133,-0.024998322199280665,0.06910371780395508,-0.20279145240783691,-0.03815900727659027,0.08540934324264526,-0.24899816513061523,-0.07052300691157143,0.08076322078704834,-0.1988580822944641,-0.049124965514238284,0.05996131896972656,-0.17878061532974243,-0.022323872964079783
17,0.0,0.0,0.0,-0.11077424883842468,-0.03004390001296997,-0.05176370352091908,-0.21697115898132324,-0.10256457328796387,-0.07413284241738438,-0.2172360122203827,-0.18462270498275757,-0.09797353058638691,-0.12493786215782166,-0.19736266136169434,-0.10817894845786213,-0.17586934566497803,-0.20313900709152222,0.004179645855401759,-0.17033380270004272,-0.2580105662345886,-0.06174538045706868,-0.14570015668869019,-0.1859511137008667,-0.09129842131915211,-0.14303377270698547,-0.16175216436386108,-0.10292581975045323,-0.09150546789169312,-0.2118648886680603,0.001699430695225601,-0.07800823450088501,-0.2615596055984497,-0.06690817087473988,-0.06025415658950806,-0.1745801568031311,-0.07151597499432683,-0.0733824372291565,-0.15827465057373047,-0.055449271048928495,-0.01053166389465332,-0.20964014530181885,-0.01657044462444901,0.013498306274414062,-0.2553896903991699,-0.08521687000575184,0.014544248580932617,-0.17568480968475342,-0.06352355837407231,-0.006813466548919678,-0.1558268666267395,-0.02829917095186829,0.07114332914352417,-0.19794303178787231,-0.04078100010337948,0.08870303630828857,-0.2415364384651184,-0.0719394212919724,0.08191651105880737,-0.19053614139556885,-0.05119104072036862,0.06132018566131592,-0.17128372192382812,-0.02531031466605782
18,0.0,0.0,0.0,-0.1079464852809906,-0.03094315528869629,-0.05047908001643009,-0.21073240041732788,-0.1075291633605957,-0.06997683220606632,-0.21106314659118652,-0.1877484917640686,-0.09142266535263843,-0.12377163767814636,-0.19387799501419067,-0.09935673647623844,-0.1715436577796936,-0.2075558304786682,0.011668489826206496,-0.16872873902320862,-0.2560369372367859,-0.052921875799711415,-0.1423269510269165,-0.18488609790802002,-0.08239285969239063,-0.13936159014701843,-0.1643756628036499,-0.09423875385027713,-0.08911797404289246,-0.21477919816970825,0.00858988757181578,-0.07936277985572815,-0.2574819326400757,-0.05733659812312908,-0.06240561604499817,-0.171636164188385,-0.06173396431904621,-0.0774020254611969,-0.16146093606948853,-0.04618767597776241,-0.007684051990509033,-0.21044862270355225,-0.010695184069390962,0.012812018394470215,-0.2519475817680359,-0.07859868132572956,0.014389574527740479,-0.17267799377441406,-0.05628638290863819,-0.005711555480957031,-0.15718239545822144,-0.02113952250283546,0.07451045513153076,-0.19742125272750854,-0.03601253726583309,0.08974838256835938,-0.23723143339157104,-0.06646862202387638,0.08199524879455566,-0.18562102317810059,-0.04445907049876041,0.06292784214019775,-0.1685461401939392,-0.01774492994945831
19,0.0,0.0,0.0,-0.10704389214515686,-0.0316314697265625,-0.05225769143123671,-0.21012550592422485,-0.10660415887832642,-0.0725945205571179,-0.21594536304473877,-0.18680626153945923,-0.09433323602695509,-0.1296405792236328,-0.1934264898300171,-0.10225967775602385,-0.17248651385307312,-0.20769232511520386,0.01104583412836746,-0.16802310943603516,-0.2547672986984253,-0.0538736888350968,-0.14232850074768066,-0.1837989091873169,-0.08359577964563414,-0.14009079337120056,-0.16384965181350708,-0.09539836357851073,-0.08966964483261108,-0.21387851238250732,0.009063812982844865,-0.07957419753074646,-0.25668829679489136,-0.058315095412922346,-0.0628432035446167,-0.17110174894332886,-0.06379018436689421,-0.07657700777053833,-0.16124755144119263,-0.048304845500183546,-0.007964849472045898,-0.20935934782028198,-0.009090159009588206,0.011583268642425537,-0.24922233819961548,-0.07868680815715834,0.013156712055206299,-0.17022669315338135,-0.05681038360614821,-0.005423843860626221,-0.15531247854232788,-0.02098702352066084,0.07355284690856934,-0.19692271947860718,-0.03320719014425322,0.08743321895599365,-0.23594629764556885,-0.06326820414085432,0.07985168695449829,-0.18479186296463013,-0.04033023576755568,0.06259703636169434,-0.16870981454849243,-0.012593037370038473
20,0.0,0.0,0.0,-0.10768601298332214,-0.03221780061721802,-0.052081093806464196,-0.20797967910766602,-0.10586804151535034,-0.07305487679286671,-0.20117104053497314,-0.18284344673156738,-0.09534843699975681,-0.11051994562149048,-0.18820524215698242,-0.10427313731952381,-0.16179302334785461,-0.20372730493545532,0.007013866063516616,-0.15661382675170898,-0.25065797567367554,-0.05880102949186039,-0.13717976212501526,-0.17894697189331055,-0.08787763552709293,-0.13529735803604126,-0.16203385591506958,-0.09978568987889957,-0.07795906066894531,-0.20751619338989258,0.004093366526376485,-0.0698203444480896,-0.24868899583816528,-0.06470095800204945,-0.060621052980422974,-0.16312545537948608,-0.06910095052762699,-0.07310521602630615,-0.15692096948623657,-0.05331565873666477,0.0026643872261047363,-0.20128095149993896,-0.015100181717116357,0.022029340267181396,-0.24053066968917847,-0.08554806249185276,0.017089366912841797,-0.16172033548355103,-0.06291028546138477,0.0003402829170227051,-0.15065264701843262,-0.027193617690045357,0.08323913812637329,-0.18705934286117554,-0.040425874907214165,0.09728878736495972,-0.22494983673095703,-0.07243060754581165,0.08535635471343994,-0.1722809076309204,-0.05003579394860935,0.06862562894821167,-0.15667808055877686,-0.022846080977160454
21,0.0,0.0,0.0,-0.1073981523513794,-0.030713319778442383,-0.052618359223060907,-0.21000808477401733,-0.10394042730331421,-0.07262472157185584,-0.2042592167854309,-0.179612934589386,-0.09354000632470161,-0.11334648728370667,-0.1871972680091858,-0.10072174762194663,-0.165249764919281,-0.20425903797149658,0.010254831045813262,-0.1593005359172821,-0.24530261754989624,-0.054113120779447854,-0.14083421230316162,-0.17367249727249146,-0.08244653140013725,-0.14121517539024353,-0.16027039289474487,-0.09427925293152839,-0.08140265941619873,-0.2080289125442505,0.008112513452715575,-0.07314252853393555,-0.24432367086410522,-0.059505064979248345,-0.0640673041343689,-0.15906453132629395,-0.0636875489801696,-0.07791212201118469,-0.15611040592193604,-0.04767881055181533,-3.927946090698242e-05,-0.2020193338394165,-0.010604657240264714,0.01897597312927246,-0.23486506938934326,-0.08042749111359626,0.014034688472747803,-0.15659815073013306,-0.058089048609190286,-0.0034689903259277344,-0.14879345893859863,-0.022747761577420533,0.08139991760253906,-0.18854480981826782,-0.03550703172390968,0.09382438659667969,-0.22074514627456665,-0.06729597692196876,0.08293992280960083,-0.16798734664916992,-0.04541617725794822,0.06694304943084717,-0.15551108121871948,-0.018601828262262643
22,0.0,0.0,0.0,-0.10574927926063538,-0.030230939388275146,-0.05454556571521607,-0.20935967564582825,-0.1028791069984436,-0.07519272642412034,-0.2033759355545044,-0.1785346269607544,-0.09627694564142075,-0.1096298098564148,-0.18379652500152588,-0.10319350587406007,-0.16623401641845703,-0.2022038698196411,0.007671464027680486,-0.15940165519714355,-0.24429142475128174,-0.05655918942966309,-0.14453387260437012,-0.17403727769851685,-0.08158446030893174,-0.1454905867576599,-0.16190826892852783,-0.09094723986663666,-0.08213582634925842,-0.20628052949905396,0.006136851178325742,-0.0720335841178894,-0.2439066767692566,-0.06285290347614136,-0.06711164116859436,-0.15698015689849854,-0.06346151160278168,-0.08052930235862732,-0.15651404857635498,-0.0435996234623417,-0.001377403736114502,-0.1996380090713501,-0.01245211551167813,0.021110951900482178,-0.2298527956008911,-0.08360373901405183,0.011916935443878174,-0.15198802947998047,-0.06040307434477654,-0.006136953830718994,-0.14621412754058838,-0.023675310632370383,0.07934218645095825,-0.18535137176513672,-0.03757477106728402,0.09615343809127808,-0.21435892581939697,-0.0712487913874611,0.08251607418060303,-0.16222375631332397,-0.051011811217449576,0.06458371877670288,-0.1501142978668213,-0.024836228436015517
23,0.0,0.0,0.0,-0.10907915234565735,-0.02805882692337036,-0.05396182772437896,-0.21425428986549377,-0.10495120286941528,-0.07284444507877197,-0.2077140212059021,-0.17958396673202515,-0.09241135355750885,-0.11260348558425903,-0.1811559796333313,-0.09846307274619903,-0.16627183556556702,-0.20091038942337036,0.010813006826538185,-0.16173580288887024,-0.24229592084884644,-0.05399363425294723,-0.14391106367111206,-0.1719101071357727,-0.08015199687997665,-0.14266455173492432,-0.1592087745666504,-0.0902158984235939,-0.08220085501670837,-0.20525318384170532,0.009131104380685429,-0.07517459988594055,-0.2418423295021057,-0.061314571022194286,-0.06735745072364807,-0.15461361408233643,-0.06305780199090805,-0.08014559745788574,-0.15254634618759155,-0.04321437266389694,-0.0011731982231140137,-0.19901198148727417,-0.009888612038594147,0.018944084644317627,-0.22814875841140747,-0.0824164890937027,0.01116478443145752,-0.14885246753692627,-0.06057365921060409,-0.008024096488952637,-0.14381861686706543,-0.024136905863088032,0.08057188987731934,-0.1855904459953308,-0.035284458964270016,0.09373503923416138,-0.21265411376953125,-0.06927051332513656,0.0809394121170044,-0.15849822759628296,-0.04956605222741928,0.06226259469985962,-0.14736759662628174,-0.023824022456210514
24,0.0,0.0,0.0,-0.1057908833026886,-0.029602110385894775,-0.05739562586404645,-0.2078913450241089,-0.10335350036621094,-0.07916321233369672,-0.20003697276115417,-0.17803919315338135,-0.10036418214895093,-0.10462266206741333,-0.1803615689277649,-0.10757162794925534,-0.16409415006637573,-0.20310324430465698,0.004860502197516325,-0.15924489498138428,-0.2425479292869568,-0.05964985862829053,-0.1434432864189148,-0.17293286323547363,-0.0852713920221504,-0.14453339576721191,-0.16109776496887207,-0.09525961056806409,-0.079125314950943,-0.20750504732131958,0.004713568366241816,-0.07117119431495667,-0.2423604130744934,-0.06548656896211469,-0.06572884321212769,-0.15620052814483643,-0.06714712456323468,-0.08000853657722473,-0.15533185005187988,-0.047795806084650394,0.0016326904296875,-0.20001405477523804,-0.012577626858728763,0.023918747901916504,-0.22626948356628418,-0.08507196978189313,0.014201581478118896,-0.14817142486572266,-0.06301489100314939,-0.005320191383361816,-0.14273566007614136,-0.026770237837808963,0.08294248580932617,-0.18493646383285522,-0.03654103726603353,0.09956365823745728,-0.21010535955429077,-0.0718133710370239,0.0859835147857666,-0.1570795774459839,-0.05282613635517919,0.06689757108688354,-0.14563018083572388,-0.02731251344539487
25,0.0,0.0,0.0,-0.10978707671165466,-0.026725351810455322,-0.057233366210539316,-0.21225810050964355,-0.10395985841751099,-0.07769852041133163,-0.19862017035484314,-0.17849045991897583,-0.09740687071212051,-0.10097602009773254,-0.1796146035194397,-0.10337819813616989,-0.16095224022865295,-0.20563572645187378,0.003088448402877475,-0.1528693437576294,-0.24108505249023438,-0.06059142856724975,-0.135958731174469,-0.1731323003768921,-0.08475749104150054,-0.1380528211593628,-0.16124111413955688,-0.09392212240823028,-0.07736176252365112,-0.2101096510887146,0.00238994459755304,-0.06608825922012329,-0.24124741554260254,-0.0670666164053273,-0.05937871336936951,-0.15650206804275513,-0.06787790267594573,-0.07355323433876038,-0.15753304958343506,-0.048034037489969705,0.00335615873336792,-0.2019280195236206,-0.015300330732543443,0.026193082332611084,-0.22465789318084717,-0.08770597635634658,0.01742076873779297,-0.1477757692337036,-0.0654436042798352,-0.003333181142807007,-0.14540129899978638,-0.029433448825557207,0.08440947532653809,-0.1858782172203064,-0.039780749965984796,0.10127997398376465,-0.20705270767211914,-0.07664074658282516,0.08705472946166992,-0.15387731790542603,-0.05842313452490089,0.06669139862060547,-0.143996000289917,-0.03341842352278945
26,0.0,0.0,0.0,-0.10903498530387878,-0.023880481719970703,-0.05820356984543196,-0.21075448393821716,-0.09984356164932251,-0.08095847000288359,-0.2006435990333557,-0.17481118440628052,-0.10273923654960981,-0.10546866059303284,-0.17632192373275757,-0.11083742161201826,-0.15840590000152588,-0.20095449686050415,-0.0017609792986377215,-0.14983808994293213,-0.24105870723724365,-0.06728313048290602,-0.13424259424209595,-0.17285537719726562,-0.09091907669710508,-0.13647884130477905,-0.15801239013671875,-0.0986375727217137,-0.07523214817047119,-0.20495814085006714,-0.002173709682324443,-0.06411170959472656,-0.2378559708595276,-0.07433877070354811,-0.059074342250823975,-0.15320879220962524,-0.07538157631563536,-0.07384631037712097,-0.15323913097381592,-0.054468489484065685,0.0041620731353759766,-0.19758254289627075,-0.019377061397904072,0.02558135986328125,-0.2183733582496643,-0.09369429876016966,0.015600442886352539,-0.14165467023849487,-0.07179862935947767,-0.005359053611755371,-0.14146900177001953,-0.03508977149533621,0.08494126796722412,-0.1828860640525818,-0.04308730666446081,0.09969830513000488,-0.20220810174942017,-0.07974577625202528,0.08639830350875854,-0.14899343252182007,-0.061050596878999386,0.06783705949783325,-0.14116936922073364,-0.03536540199922911
27,0.0,0.0,0.0,-0.10763606429100037,-0.025646507740020752,-0.057605510505823077,-0.20996639132499695,-0.10280793905258179,-0.07783166125693697,-0.20051437616348267,-0.1770094633102417,-0.09751602813878435,-0.10737711191177368,-0.17758363485336304,-0.10354133501925844,-0.15858691930770874,-0.19880235195159912,0.0023863854138426177,-0.1527935266494751,-0.23894816637039185,-0.06419691250005144,-0.13575130701065063,-0.16752445697784424,-0.08985612347998995,-0.1353590488433838,-0.15654093027114868,-0.09978657767453569,-0.07489332556724548,-0.20227748155593872,0.0016005384521804444,-0.06876203417778015,-0.2388390302658081,-0.07143907800593752,-0.06253620982170105,-0.1513623595237732,-0.07327278510013002,-0.07472994923591614,-0.15259748697280884,-0.053406221720365465,0.0055651068687438965,-0.19545841217041016,-0.01642183952310461,0.024204134941101074,-0.22218501567840576,-0.0930123980371036,0.014771819114685059,-0.14118850231170654,-0.0697638149587192,-0.002902984619140625,-0.13976341485977173,-0.03190676301994699,0.08708059787750244,-0.1818314790725708,-0.040974790158657015,0.0987667441368103,-0.20708006620407104,-0.07882103875556368,0.0864267349243164,-0.15076559782028198,-0.0584139283029117,0.07063055038452148,-0.14152657985687256,-0.03169828087368387
28,0.0,0.0,0.0,-0.10950902104377747,-0.026312589645385742,-0.05851639096499639,-0.21031028032302856,-0.10155481100082397,-0.08020533283115583,-0.19769984483718872,-0.17545616626739502,-0.10095030476213651,-0.1008918285369873,-0.17681604623794556,-0.10790172626138883,-0.15920329093933105,-0.20084357261657715,0.001317956374350615,-0.15149149298667908,-0.23834383487701416,-0.06376242299438672,-0.1349993348121643,-0.17116814851760864,-0.08730648864866453,-0.13584643602371216,-0.15751487016677856,-0.09515139122368055,-0.07597535848617554,-0.2060786485671997,0.0011786138697971182,-0.06650099158287048,-0.24000799655914307,-0.07068154622675138,-0.059974730014801025,-0.15529656410217285,-0.07129468430639463,-0.0729939341545105,-0.15505850315093994,-0.04999297519088941,0.004599213600158691,-0.1990026831626892,-0.01615019549490171,0.025383472442626953,-0.2215665578842163,-0.09090437401891904,0.01616048812866211,-0.14507919549942017,-0.06885899265171247,-0.004158049821853638,-0.14356964826583862,-0.031754277989875845,0.08647549152374268,-0.18386942148208618,-0.04014093463183599,0.10077774524688721,-0.20627915859222412,-0.07741591741205411,0.08791124820709229,-0.15355294942855835,-0.05868369747759061,0.06882911920547485,-0.14483368396759033,-0.032893021003019385
29,0.0,0.0,0.0,-0.10442894697189331,-0.02590280771255493,-0.05824656942877482,-0.2077036201953888,-0.09926599264144897,-0.08051479021105479,-0.20481690764427185,-0.17334342002868652,-0.10170833179745387,-0.11290058493614197,-0.1788712739944458,-0.10958974966797541,-0.16623178124427795,-0.19976818561553955,0.0009271348708352889,-0.15904420614242554,-0.23763102293014526,-0.06469839969668101,-0.14075803756713867,-0.17113125324249268,-0.0913514063695402,-0.14070013165473938,-0.15842288732528687,-0.10194287607464503,-0.08165156841278076,-0.2055097222328186,0.0006525507660626317,-0.07288232445716858,-0.23993819952011108,-0.07028369763884257,-0.06300482153892517,-0.1549888253211975,-0.0722873673776121,-0.07535111904144287,-0.15254783630371094,-0.053121758345696435,0.0002492368221282959,-0.19927293062210083,-0.016522176284524903,0.02154877781867981,-0.22482889890670776,-0.09051826009545039,0.015033811330795288,-0.14728784561157227,-0.06816131779942225,-0.00414043664932251,-0.1425350308418274,-0.03160176957044314,0.08226683735847473,-0.18490123748779297,-0.040206065122220025,0.09581419825553894,-0.20891636610031128,-0.07674476662668894,0.0844523012638092,-0.15550243854522705,-0.05696129957232188,0.06646737456321716,-0.1449475884437561,-0.030897305999133096
30,0.0,0.0,0.0,-0.1070144772529602,-0.02384340763092041,-0.06231776885425688,-0.20936843752861023,-0.09692889451980591,-0.08632594234978797,-0.20382088422775269,-0.1726229190826416,-0.10842986292874457,-0.10814717411994934,-0.1792823076248169,-0.11687618382012488,-0.16543972492218018,-0.19971305131912231,-0.0028224704295212177,-0.15516504645347595,-0.23773574829101562,-0.06907986737525107,-0.1379615068435669,-0.17159712314605713,-0.09443560875689627,-0.13999348878860474,-0.15756523609161377,-0.10369227714573981,-0.08175107836723328,-0.20601218938827515,-0.0015482932070085553,-0.07025441527366638,-0.24065828323364258,-0.07504077888762595,-0.061367034912109375,-0.15590572357177734,-0.07754462100302817,-0.07476606965065002,-0.15306580066680908,-0.057599334788676515,-0.0013730525970458984,-0.19996565580368042,-0.017454626781102434,0.02256709337234497,-0.22246992588043213,-0.0946060631397927,0.014749467372894287,-0.1453743577003479,-0.07388027645384909,-0.006625831127166748,-0.1414029598236084,-0.03725981227790953,0.08042681217193604,-0.18550050258636475,-0.04009179658925177,0.09736937284469604,-0.20797419548034668,-0.07953806854521872,0.08558017015457153,-0.1548277735710144,-0.06155566014086844,0.06493955850601196,-0.14456045627593994,-0.03593218959605338
31,0.0,0.0,0.0,-0.10480934381484985,-0.02504807710647583,-0.06150009362607989,-0.20903939008712769,-0.0979762077331543,-0.08493192373424563,-0.2076743245124817,-0.1724611520767212,-0.1070955085626224,-0.11400166153907776,-0.18020105361938477,-0.11557471631675753,-0.16573411226272583,-0.19893288612365723,0.0010075098078345945,-0.1622004508972168,-0.237781822681427,-0.06603731094509158,-0.14283078908920288,-0.17085039615631104,-0.09296843289047274,-0.14103662967681885,-0.15701287984848022,-0.10299836723714861,-0.08186167478561401,-0.20487898588180542,0.0023879143816998294,-0.0761251151561737,-0.23903661966323853,-0.06992144017129931,-0.0645630955696106,-0.15363669395446777,-0.0715808111301044,-0.07489389181137085,-0.1510605812072754,-0.05133776246219668,-0.00043576955795288086,-0.19836187362670898,-0.01389846923410687,0.019008219242095947,-0.22294366359710693,-0.0894129860272983,0.012758493423461914,-0.14541858434677124,-0.06704512118011507,-0.0058969855308532715,-0.14062315225601196,-0.02974088183253798,0.0814741849899292,-0.18421107530593872,-0.0370901214948276,0.09479379653930664,-0.20703911781311035,-0.07460132865816149,0.08319014310836792,-0.15382736921310425,-0.055546699749527306,0.06432086229324341,-0.14371240139007568,-0.029560689540801377
32,0.0,0.0,0.0,-0.10402235388755798,-0.025284528732299805,-0.06355587387531614,-0.20854222774505615,-0.09395039081573486,-0.09001733357160902,-0.21221613883972168,-0.16973137855529785,-0.11511427158563947,-0.12094122171401978,-0.18314236402511597,-0.1262295990630946,-0.17063993215560913,-0.19803506135940552,0.0021220006134399227,-0.16624310612678528,-0.23592883348464966,-0.07020544255226469,-0.1461946964263916,-0.16919469833374023,-0.10140530014484739,-0.1430642008781433,-0.15569454431533813,-0.11307483160942411,-0.08551278710365295,-0.2042333483695984,0.003546176766235476,-0.07817000150680542,-0.23939824104309082,-0.07318089151829099,-0.066687673330307,-0.15340596437454224,-0.0774235501334033,-0.07618534564971924,-0.15022003650665283,-0.057994585429128165,-0.003888159990310669,-0.1984802484512329,-0.01347544504403686,0.016878724098205566,-0.22496849298477173,-0.09409158671348905,0.009446144104003906,-0.1461675763130188,-0.07324466103762006,-0.008992969989776611,-0.14060282707214355,-0.03524488577693319,0.07746052742004395,-0.18459033966064453,-0.03725589061230039,0.09152781963348389,-0.20931053161621094,-0.07720252865999555,0.07902562618255615,-0.154649555683136,-0.0579293406948409,0.0600658655166626,-0.14298027753829956,-0.030738534350689406
33,0.0,0.0,0.0,-0.10505726933479309,-0.02393883466720581,-0.05872030767562819,-0.21315690875053406,-0.09417843818664551,-0.08180583479764891,-0.21644991636276245,-0.17100989818572998,-0.10402354809406233,-0.12183240056037903,-0.1834757924079895,-0.11255681726100875,-0.17514759302139282,-0.19611090421676636,0.004510644572349065,-0.16897815465927124,-0.23583704233169556,-0.0652990064299388,-0.15085554122924805,-0.16843342781066895,-0.09571381124618483,-0.14891782402992249,-0.1538415551185608,-0.1072081274068637,-0.09034949541091919,-0.20313304662704468,0.004449630836518281,-0.07972881197929382,-0.24106955528259277,-0.06958665910127593,-0.06854724884033203,-0.15563422441482544,-0.07320860239627791,-0.0764598548412323,-0.14986371994018555,-0.05345951604607535,-0.009001284837722778,-0.19816112518310547,-0.013313055289415843,0.015104502439498901,-0.225838303565979,-0.08994522157075835,0.008522063493728638,-0.14835655689239502,-0.06989810082080794,-0.009287267923355103,-0.1411600112915039,-0.033099388954667575,0.0724131166934967,-0.18489307165145874,-0.037529865530757434,0.0889497697353363,-0.21152162551879883,-0.07447513404252959,0.07780316472053528,-0.15795379877090454,-0.05540669175746871,0.059560626745224,-0.14515835046768188,-0.028918801126508242
34,0.0,0.0,0.0,-0.10329383611679077,-0.02210867404937744,-0.06173191353485663,-0.20858025550842285,-0.094363272190094,-0.08626162394688208,-0.21344798803329468,-0.17206281423568726,-0.10928014799759467,-0.12005582451820374,-0.18679529428482056,-0.11858303233788092,-0.16942304372787476,-0.19611161947250366,-0.002761402109570099,-0.1593940556049347,-0.23887288570404053,-0.07322108879492362,-0.14170363545417786,-0.17210793495178223,-0.10218389466211875,-0.14019569754600525,-0.15466898679733276,-0.11260747298405249,-0.0849338173866272,-0.20229995250701904,-0.002100890444523884,-0.07302394509315491,-0.24335849285125732,-0.07825184747383673,-0.06187218427658081,-0.15726935863494873,-0.08126878872320731,-0.07142341136932373,-0.1487101912498474,-0.06096860900328238,-0.003913193941116333,-0.19677793979644775,-0.018872070534087015,0.01997596025466919,-0.22781485319137573,-0.09847665712044318,0.014263272285461426,-0.14885467290878296,-0.07659601554081519,-0.0057564377784729,-0.13843882083892822,-0.03806687280342658,0.07706183195114136,-0.183232843875885,-0.042155654577470614,0.09479421377182007,-0.21302038431167603,-0.08292732521698554,0.08427029848098755,-0.15935581922531128,-0.06376026704714377,0.06300508975982666,-0.14480412006378174,-0.03665159776613791
35,0.0,0.0,0.0,-0.10061821341514587,-0.02276557683944702,-0.06281098521009199,-0.20479094982147217,-0.0911332368850708,-0.0892679894591879,-0.2135995328426361,-0.16733020544052124,-0.11412106997028104,-0.12369692325592041,-0.186248779296875,-0.12491725182786695,-0.1660841405391693,-0.19645118713378906,-0.003020230286495007,-0.15842190384864807,-0.23840153217315674,-0.07530511713281385,-0.14024752378463745,-0.17094922065734863,-0.10539462214961759,-0.13803401589393616,-0.1533733606338501,-0.11600278860584012,-0.08139392733573914,-0.2018740177154541,-0.0022490747056167493,-0.07163900136947632,-0.24139267206192017,-0.08002361452832929,-0.06015598773956299,-0.1551465392112732,-0.08405557072416059,-0.06868264079093933,-0.14816880226135254,-0.06408089941993467,-0.00016051530838012695,-0.19600844383239746,-0.01923468134060613,0.022444695234298706,-0.2249464988708496,-0.10038538819804899,0.01571241021156311,-0.14647048711776733,-0.0790940204884123,-0.003966391086578369,-0.13871973752975464,-0.04071828520551435,0.08070459961891174,-0.182265043258667,-0.04268840125456563,0.09640291333198547,-0.2096116542816162,-0.08378784156099073,0.084937185049057,-0.1551295518875122,-0.06440137124315015,0.06398925185203552,-0.14244341850280762,-0.037002926530988134
